WARNING 2026-06-28 12:36:23,273 log Bad Request: /api/auth/login/
WARNING 2026-06-28 12:36:25,991 log Bad Request: /api/auth/login/
WARNING 2026-06-28 12:36:28,271 log Bad Request: /api/auth/login/
WARNING 2026-06-28 12:36:40,786 log Unauthorized: /api/auth/logout/
WARNING 2026-06-28 12:36:45,577 log Unauthorized: /api/auth/me/
WARNING 2026-06-28 12:37:19,698 log Bad Request: /api/occupants/1/archive/
WARNING 2026-06-28 12:37:28,155 log Bad Request: /api/occupants/
WARNING 2026-06-28 12:37:33,676 log Bad Request: /api/occupants/
WARNING 2026-06-28 12:37:35,886 log Bad Request: /api/occupants/
WARNING 2026-06-28 12:37:41,662 log Unauthorized: /api/occupants/
WARNING 2026-06-28 12:37:58,180 log Not Found: /api/occupants/99999/
WARNING 2026-06-28 12:38:25,809 log Conflict: /api/occupancy/
WARNING 2026-06-28 12:38:28,468 log Conflict: /api/occupancy/
WARNING 2026-06-28 12:38:31,412 log Conflict: /api/occupancy/
WARNING 2026-06-28 12:38:34,344 log Conflict: /api/occupancy/
WARNING 2026-06-28 12:38:36,793 log Bad Request: /api/occupancy/
WARNING 2026-06-28 12:38:39,774 log Bad Request: /api/occupancy/
WARNING 2026-06-28 12:38:45,267 log Bad Request: /api/occupancy/
WARNING 2026-06-28 12:38:47,395 log Bad Request: /api/occupancy/
WARNING 2026-06-28 12:38:49,339 log Not Found: /api/occupancy/99999/checkout/
WARNING 2026-06-28 12:38:52,963 log Conflict: /api/occupancy/1/checkout/
WARNING 2026-06-28 12:39:01,147 log Not Found: /api/occupancy/99999/
WARNING 2026-06-28 12:39:07,986 log Unauthorized: /api/occupancy/summary/
WARNING 2026-06-28 12:39:12,615 log Unauthorized: /api/occupancy/
WARNING 2026-06-28 12:39:15,175 log Not Found: /api/occupancy/99999/
WARNING 2026-06-28 12:39:24,893 log Bad Request: /api/payments/student_balance/
WARNING 2026-06-28 12:39:27,331 log Not Found: /api/payments/student_balance/
WARNING 2026-06-28 12:39:59,812 log Unauthorized: /api/payments/overdue/
ERROR 2026-06-28 12:40:02,551 log Internal Server Error: /api/payments/overdue/
Traceback (most recent call last):
  File "/home/david11/Karos_L/backend/venv/lib/python3.12/site-packages/django/core/handlers/exception.py", line 55, in inner
    response = get_response(request)
               ^^^^^^^^^^^^^^^^^^^^^
  File "/home/david11/Karos_L/backend/venv/lib/python3.12/site-packages/django/core/handlers/base.py", line 198, in _get_response
    response = wrapped_callback(request, *callback_args, **callback_kwargs)
               ^^^^^^^^^^^^^^^^^^^^^^^^^^^^^^^^^^^^^^^^^^^^^^^^^^^^^^^^^^^^
  File "/home/david11/Karos_L/backend/venv/lib/python3.12/site-packages/django/views/decorators/csrf.py", line 65, in _view_wrapper
    return view_func(request, *args, **kwargs)
           ^^^^^^^^^^^^^^^^^^^^^^^^^^^^^^^^^^^
  File "/home/david11/Karos_L/backend/venv/lib/python3.12/site-packages/rest_framework/viewsets.py", line 125, in view
    return self.dispatch(request, *args, **kwargs)
           ^^^^^^^^^^^^^^^^^^^^^^^^^^^^^^^^^^^^^^^
  File "/home/david11/Karos_L/backend/venv/lib/python3.12/site-packages/rest_framework/views.py", line 515, in dispatch
    response = self.handle_exception(exc)
               ^^^^^^^^^^^^^^^^^^^^^^^^^^
  File "/home/david11/Karos_L/backend/venv/lib/python3.12/site-packages/rest_framework/views.py", line 475, in handle_exception
    self.raise_uncaught_exception(exc)
  File "/home/david11/Karos_L/backend/venv/lib/python3.12/site-packages/rest_framework/views.py", line 486, in raise_uncaught_exception
    raise exc
  File "/home/david11/Karos_L/backend/venv/lib/python3.12/site-packages/rest_framework/views.py", line 512, in dispatch
    response = handler(request, *args, **kwargs)
               ^^^^^^^^^^^^^^^^^^^^^^^^^^^^^^^^^
  File "/home/david11/Karos_L/backend/apps/payments/views.py", line 96, in overdue
    overdue_list = PaymentService.list_overdue_students()
                   ^^^^^^^^^^^^^^^^^^^^^^^^^^^^^^^^^^^^^^
  File "/home/david11/Karos_L/backend/apps/payments/services/__init__.py", line 295, in list_overdue_students
    active_occ = active_occ_sub.filter(student=student).first()
                 ^^^^^^^^^^^^^^^^^^^^^^^^^^^^^^^^^^^^^^^^^^^^^^
  File "/home/david11/Karos_L/backend/venv/lib/python3.12/site-packages/django/db/models/query.py", line 1145, in first
    for obj in queryset[:1]:
  File "/home/david11/Karos_L/backend/venv/lib/python3.12/site-packages/django/db/models/query.py", line 390, in __iter__
    self._fetch_all()
  File "/home/david11/Karos_L/backend/venv/lib/python3.12/site-packages/django/db/models/query.py", line 2000, in _fetch_all
    self._result_cache = list(self._iterable_class(self))
                         ^^^^^^^^^^^^^^^^^^^^^^^^^^^^^^^^
  File "/home/david11/Karos_L/backend/venv/lib/python3.12/site-packages/django/db/models/query.py", line 95, in __iter__
    results = compiler.execute_sql(
              ^^^^^^^^^^^^^^^^^^^^^
  File "/home/david11/Karos_L/backend/venv/lib/python3.12/site-packages/django/db/models/sql/compiler.py", line 1611, in execute_sql
    sql, params = self.as_sql()
                  ^^^^^^^^^^^^^
  File "/home/david11/Karos_L/backend/venv/lib/python3.12/site-packages/django/db/models/sql/compiler.py", line 795, in as_sql
    self.compile(self.where) if self.where is not None else ("", [])
    ^^^^^^^^^^^^^^^^^^^^^^^^
  File "/home/david11/Karos_L/backend/venv/lib/python3.12/site-packages/django/db/models/sql/compiler.py", line 578, in compile
    sql, params = node.as_sql(self, self.connection)
                  ^^^^^^^^^^^^^^^^^^^^^^^^^^^^^^^^^^
  File "/home/david11/Karos_L/backend/venv/lib/python3.12/site-packages/django/db/models/sql/where.py", line 151, in as_sql
    sql, params = compiler.compile(child)
                  ^^^^^^^^^^^^^^^^^^^^^^^
  File "/home/david11/Karos_L/backend/venv/lib/python3.12/site-packages/django/db/models/sql/compiler.py", line 578, in compile
    sql, params = node.as_sql(self, self.connection)
                  ^^^^^^^^^^^^^^^^^^^^^^^^^^^^^^^^^^
  File "/home/david11/Karos_L/backend/venv/lib/python3.12/site-packages/django/db/models/fields/related_lookups.py", line 128, in as_sql
    return super().as_sql(compiler, connection)
           ^^^^^^^^^^^^^^^^^^^^^^^^^^^^^^^^^^^^
  File "/home/david11/Karos_L/backend/venv/lib/python3.12/site-packages/django/db/models/lookups.py", line 407, in as_sql
    return super().as_sql(compiler, connection)
           ^^^^^^^^^^^^^^^^^^^^^^^^^^^^^^^^^^^^
  File "/home/david11/Karos_L/backend/venv/lib/python3.12/site-packages/django/db/models/lookups.py", line 239, in as_sql
    rhs_sql, rhs_params = self.process_rhs(compiler, connection)
                          ^^^^^^^^^^^^^^^^^^^^^^^^^^^^^^^^^^^^^^
  File "/home/david11/Karos_L/backend/venv/lib/python3.12/site-packages/django/db/models/lookups.py", line 126, in process_rhs
    sql, params = compiler.compile(value)
                  ^^^^^^^^^^^^^^^^^^^^^^^
  File "/home/david11/Karos_L/backend/venv/lib/python3.12/site-packages/django/db/models/sql/compiler.py", line 578, in compile
    sql, params = node.as_sql(self, self.connection)
                  ^^^^^^^^^^^^^^^^^^^^^^^^^^^^^^^^^^
  File "/home/david11/Karos_L/backend/venv/lib/python3.12/site-packages/django/db/models/expressions.py", line 954, in as_sql
    raise ValueError(
ValueError: This queryset contains a reference to an outer query and may only be used in a subquery.
WARNING 2026-06-28 12:40:05,192 log Conflict: /api/payments/
WARNING 2026-06-28 12:40:08,133 log Bad Request: /api/payments/
WARNING 2026-06-28 12:40:11,055 log Bad Request: /api/payments/
WARNING 2026-06-28 12:40:14,037 log Bad Request: /api/payments/
WARNING 2026-06-28 12:40:16,705 log Bad Request: /api/payments/
WARNING 2026-06-28 12:40:19,399 log Bad Request: /api/payments/
WARNING 2026-06-28 12:40:27,729 log Bad Request: /api/payments/
WARNING 2026-06-28 12:40:33,424 log Bad Request: /api/payments/
WARNING 2026-06-28 12:40:36,229 log Not Found: /api/payments/99999/
WARNING 2026-06-28 12:40:41,832 log Unauthorized: /api/payments/
WARNING 2026-06-28 12:40:54,023 log Unauthorized: /api/payments/receipts/
WARNING 2026-06-28 12:41:05,132 log Not Found: /api/payments/receipts/99999/pdf/
WARNING 2026-06-28 12:41:07,235 log Not Found: /api/payments/receipts/99999/
WARNING 2026-06-28 12:41:37,632 log Unauthorized: /api/dashboard/
WARNING 2026-06-28 12:41:40,187 log Not Found: /api/occupants/99999/
WARNING 2026-06-28 12:41:42,824 log Unauthorized: /api/occupants/
WARNING 2026-06-28 12:41:45,437 log Bad Request: /api/occupants/
WARNING 2026-06-28 12:41:57,832 log Bad Request: /api/auth/login/
WARNING 2026-06-28 12:42:02,694 log Bad Request: /api/auth/login/
WARNING 2026-06-28 12:42:05,329 log Bad Request: /api/auth/login/
WARNING 2026-06-28 12:42:22,086 log Unauthorized: /api/auth/logout/
WARNING 2026-06-28 12:42:27,253 log Unauthorized: /api/auth/me/
WARNING 2026-06-28 12:43:04,301 log Bad Request: /api/occupants/1/archive/
WARNING 2026-06-28 12:43:13,000 log Bad Request: /api/occupants/
WARNING 2026-06-28 12:43:19,870 log Bad Request: /api/occupants/
WARNING 2026-06-28 12:43:23,219 log Bad Request: /api/occupants/
WARNING 2026-06-28 12:43:29,748 log Unauthorized: /api/occupants/
WARNING 2026-06-28 12:43:45,428 log Not Found: /api/occupants/99999/
WARNING 2026-06-28 12:44:16,709 log Conflict: /api/occupancy/
WARNING 2026-06-28 12:44:20,023 log Conflict: /api/occupancy/
WARNING 2026-06-28 12:44:23,921 log Conflict: /api/occupancy/
WARNING 2026-06-28 12:44:27,041 log Conflict: /api/occupancy/
WARNING 2026-06-28 12:44:30,128 log Bad Request: /api/occupancy/
WARNING 2026-06-28 12:44:33,815 log Bad Request: /api/occupancy/
WARNING 2026-06-28 12:44:40,233 log Bad Request: /api/occupancy/
WARNING 2026-06-28 12:44:44,072 log Bad Request: /api/occupancy/
WARNING 2026-06-28 12:44:47,233 log Not Found: /api/occupancy/99999/checkout/
WARNING 2026-06-28 12:45:05,701 log Bad Request: /api/auth/login/
WARNING 2026-06-28 12:45:12,310 log Bad Request: /api/auth/login/
WARNING 2026-06-28 12:45:15,951 log Bad Request: /api/auth/login/
WARNING 2026-06-28 12:45:35,181 log Unauthorized: /api/auth/logout/
WARNING 2026-06-28 12:45:42,034 log Unauthorized: /api/auth/me/
WARNING 2026-06-28 12:46:25,529 log Bad Request: /api/occupants/1/archive/
WARNING 2026-06-28 12:46:35,715 log Bad Request: /api/occupants/
WARNING 2026-06-28 12:46:42,743 log Bad Request: /api/occupants/
WARNING 2026-06-28 12:46:46,748 log Bad Request: /api/occupants/
WARNING 2026-06-28 12:46:54,118 log Unauthorized: /api/occupants/
WARNING 2026-06-28 12:47:15,983 log Not Found: /api/occupants/99999/
WARNING 2026-06-28 12:48:16,516 log Bad Request: /api/auth/login/
WARNING 2026-06-28 12:48:23,275 log Bad Request: /api/auth/login/
WARNING 2026-06-28 12:48:26,592 log Bad Request: /api/auth/login/
WARNING 2026-06-28 12:48:45,712 log Unauthorized: /api/auth/logout/
WARNING 2026-06-28 12:48:51,161 log Unauthorized: /api/auth/me/
WARNING 2026-06-28 12:49:27,781 log Bad Request: /api/occupants/1/archive/
WARNING 2026-06-28 12:49:35,882 log Bad Request: /api/occupants/
WARNING 2026-06-28 12:49:41,446 log Bad Request: /api/occupants/
WARNING 2026-06-28 12:49:44,182 log Bad Request: /api/occupants/
WARNING 2026-06-28 12:49:49,592 log Unauthorized: /api/occupants/
WARNING 2026-06-28 12:50:07,648 log Not Found: /api/occupants/99999/
WARNING 2026-06-28 12:50:39,178 log Conflict: /api/occupancy/
WARNING 2026-06-28 12:50:42,608 log Conflict: /api/occupancy/
WARNING 2026-06-28 12:50:45,728 log Conflict: /api/occupancy/
WARNING 2026-06-28 12:50:48,746 log Conflict: /api/occupancy/
WARNING 2026-06-28 12:50:51,813 log Bad Request: /api/occupancy/
WARNING 2026-06-28 12:50:54,920 log Bad Request: /api/occupancy/
WARNING 2026-06-28 12:51:01,062 log Bad Request: /api/occupancy/
WARNING 2026-06-28 12:51:04,142 log Bad Request: /api/occupancy/
WARNING 2026-06-28 12:51:07,323 log Not Found: /api/occupancy/99999/checkout/
WARNING 2026-06-28 12:51:14,045 log Conflict: /api/occupancy/1/checkout/
WARNING 2026-06-28 12:51:36,467 log Bad Request: /api/auth/login/
WARNING 2026-06-28 12:51:42,970 log Bad Request: /api/auth/login/
WARNING 2026-06-28 12:51:46,106 log Bad Request: /api/auth/login/
WARNING 2026-06-28 12:52:04,557 log Unauthorized: /api/auth/logout/
WARNING 2026-06-28 12:52:11,085 log Unauthorized: /api/auth/me/
WARNING 2026-06-28 12:52:53,416 log Bad Request: /api/occupants/1/archive/
WARNING 2026-06-28 12:53:00,344 log Bad Request: /api/occupants/
WARNING 2026-06-28 12:53:06,005 log Bad Request: /api/occupants/
WARNING 2026-06-28 12:53:09,069 log Bad Request: /api/occupants/
WARNING 2026-06-28 12:53:14,814 log Unauthorized: /api/occupants/
WARNING 2026-06-28 12:53:33,183 log Not Found: /api/occupants/99999/
WARNING 2026-06-28 12:54:03,698 log Conflict: /api/occupancy/
WARNING 2026-06-28 12:54:06,993 log Conflict: /api/occupancy/
WARNING 2026-06-28 12:54:11,258 log Conflict: /api/occupancy/
WARNING 2026-06-28 12:54:14,543 log Conflict: /api/occupancy/
WARNING 2026-06-28 12:54:18,526 log Bad Request: /api/occupancy/
WARNING 2026-06-28 12:54:22,268 log Bad Request: /api/occupancy/
WARNING 2026-06-28 12:54:29,348 log Bad Request: /api/occupancy/
WARNING 2026-06-28 12:54:32,605 log Bad Request: /api/occupancy/
WARNING 2026-06-28 12:54:36,536 log Not Found: /api/occupancy/99999/checkout/
WARNING 2026-06-28 12:54:43,643 log Conflict: /api/occupancy/1/checkout/
WARNING 2026-06-28 12:55:03,532 log Bad Request: /api/auth/login/
WARNING 2026-06-28 12:55:28,941 log Bad Request: /api/auth/login/
WARNING 2026-06-28 12:55:32,433 log Bad Request: /api/occupants/
WARNING 2026-06-28 12:55:35,779 log Bad Request: /api/occupants/
WARNING 2026-06-28 12:55:49,630 log Bad Request: /api/auth/login/
WARNING 2026-06-28 12:55:55,320 log Bad Request: /api/auth/login/
WARNING 2026-06-28 12:55:58,320 log Bad Request: /api/auth/login/
WARNING 2026-06-28 12:56:18,371 log Unauthorized: /api/auth/logout/
WARNING 2026-06-28 12:56:24,989 log Unauthorized: /api/auth/me/
WARNING 2026-06-28 12:57:10,466 log Bad Request: /api/occupants/1/archive/
WARNING 2026-06-28 12:57:19,710 log Bad Request: /api/occupants/
WARNING 2026-06-28 12:57:26,207 log Bad Request: /api/occupants/
WARNING 2026-06-28 12:57:29,839 log Bad Request: /api/occupants/
WARNING 2026-06-28 12:57:36,681 log Unauthorized: /api/occupants/
WARNING 2026-06-28 12:57:57,759 log Not Found: /api/occupants/99999/
WARNING 2026-06-28 12:58:30,639 log Conflict: /api/occupancy/
WARNING 2026-06-28 12:58:33,863 log Conflict: /api/occupancy/
WARNING 2026-06-28 12:58:36,758 log Conflict: /api/occupancy/
WARNING 2026-06-28 12:58:39,496 log Conflict: /api/occupancy/
WARNING 2026-06-28 12:58:41,618 log Bad Request: /api/occupancy/
WARNING 2026-06-28 12:58:43,777 log Bad Request: /api/occupancy/
WARNING 2026-06-28 12:58:47,550 log Bad Request: /api/occupancy/
WARNING 2026-06-28 12:58:49,568 log Bad Request: /api/occupancy/
WARNING 2026-06-28 12:58:51,795 log Not Found: /api/occupancy/99999/checkout/
WARNING 2026-06-28 12:58:56,323 log Conflict: /api/occupancy/1/checkout/
WARNING 2026-06-28 12:59:06,354 log Not Found: /api/occupancy/99999/
WARNING 2026-06-28 12:59:13,964 log Unauthorized: /api/occupancy/summary/
WARNING 2026-06-28 12:59:18,955 log Unauthorized: /api/occupancy/
WARNING 2026-06-28 12:59:21,425 log Not Found: /api/occupancy/99999/
WARNING 2026-06-28 12:59:32,250 log Bad Request: /api/payments/student_balance/
WARNING 2026-06-28 12:59:34,719 log Not Found: /api/payments/student_balance/
WARNING 2026-06-28 13:00:09,515 log Unauthorized: /api/payments/overdue/
ERROR 2026-06-28 13:00:12,325 log Internal Server Error: /api/payments/overdue/
Traceback (most recent call last):
  File "/home/david11/Karos_L/backend/venv/lib/python3.12/site-packages/django/core/handlers/exception.py", line 55, in inner
    response = get_response(request)
               ^^^^^^^^^^^^^^^^^^^^^
  File "/home/david11/Karos_L/backend/venv/lib/python3.12/site-packages/django/core/handlers/base.py", line 198, in _get_response
    response = wrapped_callback(request, *callback_args, **callback_kwargs)
               ^^^^^^^^^^^^^^^^^^^^^^^^^^^^^^^^^^^^^^^^^^^^^^^^^^^^^^^^^^^^
  File "/home/david11/Karos_L/backend/venv/lib/python3.12/site-packages/django/views/decorators/csrf.py", line 65, in _view_wrapper
    return view_func(request, *args, **kwargs)
           ^^^^^^^^^^^^^^^^^^^^^^^^^^^^^^^^^^^
  File "/home/david11/Karos_L/backend/venv/lib/python3.12/site-packages/rest_framework/viewsets.py", line 125, in view
    return self.dispatch(request, *args, **kwargs)
           ^^^^^^^^^^^^^^^^^^^^^^^^^^^^^^^^^^^^^^^
  File "/home/david11/Karos_L/backend/venv/lib/python3.12/site-packages/rest_framework/views.py", line 515, in dispatch
    response = self.handle_exception(exc)
               ^^^^^^^^^^^^^^^^^^^^^^^^^^
  File "/home/david11/Karos_L/backend/venv/lib/python3.12/site-packages/rest_framework/views.py", line 475, in handle_exception
    self.raise_uncaught_exception(exc)
  File "/home/david11/Karos_L/backend/venv/lib/python3.12/site-packages/rest_framework/views.py", line 486, in raise_uncaught_exception
    raise exc
  File "/home/david11/Karos_L/backend/venv/lib/python3.12/site-packages/rest_framework/views.py", line 512, in dispatch
    response = handler(request, *args, **kwargs)
               ^^^^^^^^^^^^^^^^^^^^^^^^^^^^^^^^^
  File "/home/david11/Karos_L/backend/apps/payments/views.py", line 96, in overdue
    overdue_list = PaymentService.list_overdue_students()
                   ^^^^^^^^^^^^^^^^^^^^^^^^^^^^^^^^^^^^^^
  File "/home/david11/Karos_L/backend/apps/payments/services/__init__.py", line 295, in list_overdue_students
    active_occ = active_occ_sub.filter(student=student).first()
                 ^^^^^^^^^^^^^^^^^^^^^^^^^^^^^^^^^^^^^^^^^^^^^^
  File "/home/david11/Karos_L/backend/venv/lib/python3.12/site-packages/django/db/models/query.py", line 1145, in first
    for obj in queryset[:1]:
  File "/home/david11/Karos_L/backend/venv/lib/python3.12/site-packages/django/db/models/query.py", line 390, in __iter__
    self._fetch_all()
  File "/home/david11/Karos_L/backend/venv/lib/python3.12/site-packages/django/db/models/query.py", line 2000, in _fetch_all
    self._result_cache = list(self._iterable_class(self))
                         ^^^^^^^^^^^^^^^^^^^^^^^^^^^^^^^^
  File "/home/david11/Karos_L/backend/venv/lib/python3.12/site-packages/django/db/models/query.py", line 95, in __iter__
    results = compiler.execute_sql(
              ^^^^^^^^^^^^^^^^^^^^^
  File "/home/david11/Karos_L/backend/venv/lib/python3.12/site-packages/django/db/models/sql/compiler.py", line 1611, in execute_sql
    sql, params = self.as_sql()
                  ^^^^^^^^^^^^^
  File "/home/david11/Karos_L/backend/venv/lib/python3.12/site-packages/django/db/models/sql/compiler.py", line 795, in as_sql
    self.compile(self.where) if self.where is not None else ("", [])
    ^^^^^^^^^^^^^^^^^^^^^^^^
  File "/home/david11/Karos_L/backend/venv/lib/python3.12/site-packages/django/db/models/sql/compiler.py", line 578, in compile
    sql, params = node.as_sql(self, self.connection)
                  ^^^^^^^^^^^^^^^^^^^^^^^^^^^^^^^^^^
  File "/home/david11/Karos_L/backend/venv/lib/python3.12/site-packages/django/db/models/sql/where.py", line 151, in as_sql
    sql, params = compiler.compile(child)
                  ^^^^^^^^^^^^^^^^^^^^^^^
  File "/home/david11/Karos_L/backend/venv/lib/python3.12/site-packages/django/db/models/sql/compiler.py", line 578, in compile
    sql, params = node.as_sql(self, self.connection)
                  ^^^^^^^^^^^^^^^^^^^^^^^^^^^^^^^^^^
  File "/home/david11/Karos_L/backend/venv/lib/python3.12/site-packages/django/db/models/fields/related_lookups.py", line 128, in as_sql
    return super().as_sql(compiler, connection)
           ^^^^^^^^^^^^^^^^^^^^^^^^^^^^^^^^^^^^
  File "/home/david11/Karos_L/backend/venv/lib/python3.12/site-packages/django/db/models/lookups.py", line 407, in as_sql
    return super().as_sql(compiler, connection)
           ^^^^^^^^^^^^^^^^^^^^^^^^^^^^^^^^^^^^
  File "/home/david11/Karos_L/backend/venv/lib/python3.12/site-packages/django/db/models/lookups.py", line 239, in as_sql
    rhs_sql, rhs_params = self.process_rhs(compiler, connection)
                          ^^^^^^^^^^^^^^^^^^^^^^^^^^^^^^^^^^^^^^
  File "/home/david11/Karos_L/backend/venv/lib/python3.12/site-packages/django/db/models/lookups.py", line 126, in process_rhs
    sql, params = compiler.compile(value)
                  ^^^^^^^^^^^^^^^^^^^^^^^
  File "/home/david11/Karos_L/backend/venv/lib/python3.12/site-packages/django/db/models/sql/compiler.py", line 578, in compile
    sql, params = node.as_sql(self, self.connection)
                  ^^^^^^^^^^^^^^^^^^^^^^^^^^^^^^^^^^
  File "/home/david11/Karos_L/backend/venv/lib/python3.12/site-packages/django/db/models/expressions.py", line 954, in as_sql
    raise ValueError(
ValueError: This queryset contains a reference to an outer query and may only be used in a subquery.
WARNING 2026-06-28 13:00:15,430 log Conflict: /api/payments/
WARNING 2026-06-28 13:00:18,409 log Bad Request: /api/payments/
WARNING 2026-06-28 13:00:21,562 log Bad Request: /api/payments/
WARNING 2026-06-28 13:00:24,619 log Bad Request: /api/payments/
WARNING 2026-06-28 13:00:27,784 log Bad Request: /api/payments/
WARNING 2026-06-28 13:00:30,837 log Bad Request: /api/payments/
WARNING 2026-06-28 13:00:39,507 log Bad Request: /api/payments/
WARNING 2026-06-28 13:00:57,543 log Bad Request: /api/auth/login/
WARNING 2026-06-28 13:01:01,719 log Bad Request: /api/auth/login/
WARNING 2026-06-28 13:01:03,519 log Bad Request: /api/auth/login/
WARNING 2026-06-28 13:01:17,356 log Unauthorized: /api/auth/logout/
WARNING 2026-06-28 13:01:22,112 log Unauthorized: /api/auth/me/
WARNING 2026-06-28 13:01:57,011 log Bad Request: /api/occupants/1/archive/
WARNING 2026-06-28 13:02:05,290 log Bad Request: /api/occupants/
WARNING 2026-06-28 13:02:11,285 log Bad Request: /api/occupants/
WARNING 2026-06-28 13:02:14,223 log Bad Request: /api/occupants/
WARNING 2026-06-28 13:02:19,493 log Unauthorized: /api/occupants/
WARNING 2026-06-28 13:02:37,153 log Not Found: /api/occupants/99999/
WARNING 2026-06-28 13:02:58,165 log Conflict: /api/occupancy/
WARNING 2026-06-28 13:03:00,452 log Conflict: /api/occupancy/
WARNING 2026-06-28 13:03:02,877 log Conflict: /api/occupancy/
WARNING 2026-06-28 13:03:05,288 log Conflict: /api/occupancy/
WARNING 2026-06-28 13:03:07,789 log Bad Request: /api/occupancy/
WARNING 2026-06-28 13:03:10,563 log Bad Request: /api/occupancy/
WARNING 2026-06-28 13:03:16,005 log Bad Request: /api/occupancy/
WARNING 2026-06-28 13:03:18,557 log Bad Request: /api/occupancy/
WARNING 2026-06-28 13:03:21,236 log Not Found: /api/occupancy/99999/checkout/
WARNING 2026-06-28 13:03:26,791 log Conflict: /api/occupancy/1/checkout/
WARNING 2026-06-28 13:03:37,504 log Not Found: /api/occupancy/99999/
WARNING 2026-06-28 13:03:46,393 log Unauthorized: /api/occupancy/summary/
WARNING 2026-06-28 13:03:51,665 log Unauthorized: /api/occupancy/
WARNING 2026-06-28 13:03:54,796 log Not Found: /api/occupancy/99999/
WARNING 2026-06-28 13:04:05,854 log Bad Request: /api/payments/student_balance/
WARNING 2026-06-28 13:04:08,928 log Not Found: /api/payments/student_balance/
WARNING 2026-06-28 13:04:42,972 log Unauthorized: /api/payments/overdue/
ERROR 2026-06-28 13:04:45,826 log Internal Server Error: /api/payments/overdue/
Traceback (most recent call last):
  File "/home/david11/Karos_L/backend/venv/lib/python3.12/site-packages/django/core/handlers/exception.py", line 55, in inner
    response = get_response(request)
               ^^^^^^^^^^^^^^^^^^^^^
  File "/home/david11/Karos_L/backend/venv/lib/python3.12/site-packages/django/core/handlers/base.py", line 198, in _get_response
    response = wrapped_callback(request, *callback_args, **callback_kwargs)
               ^^^^^^^^^^^^^^^^^^^^^^^^^^^^^^^^^^^^^^^^^^^^^^^^^^^^^^^^^^^^
  File "/home/david11/Karos_L/backend/venv/lib/python3.12/site-packages/django/views/decorators/csrf.py", line 65, in _view_wrapper
    return view_func(request, *args, **kwargs)
           ^^^^^^^^^^^^^^^^^^^^^^^^^^^^^^^^^^^
  File "/home/david11/Karos_L/backend/venv/lib/python3.12/site-packages/rest_framework/viewsets.py", line 125, in view
    return self.dispatch(request, *args, **kwargs)
           ^^^^^^^^^^^^^^^^^^^^^^^^^^^^^^^^^^^^^^^
  File "/home/david11/Karos_L/backend/venv/lib/python3.12/site-packages/rest_framework/views.py", line 515, in dispatch
    response = self.handle_exception(exc)
               ^^^^^^^^^^^^^^^^^^^^^^^^^^
  File "/home/david11/Karos_L/backend/venv/lib/python3.12/site-packages/rest_framework/views.py", line 475, in handle_exception
    self.raise_uncaught_exception(exc)
  File "/home/david11/Karos_L/backend/venv/lib/python3.12/site-packages/rest_framework/views.py", line 486, in raise_uncaught_exception
    raise exc
  File "/home/david11/Karos_L/backend/venv/lib/python3.12/site-packages/rest_framework/views.py", line 512, in dispatch
    response = handler(request, *args, **kwargs)
               ^^^^^^^^^^^^^^^^^^^^^^^^^^^^^^^^^
  File "/home/david11/Karos_L/backend/apps/payments/views.py", line 96, in overdue
    overdue_list = PaymentService.list_overdue_students()
                   ^^^^^^^^^^^^^^^^^^^^^^^^^^^^^^^^^^^^^^
  File "/home/david11/Karos_L/backend/apps/payments/services/__init__.py", line 295, in list_overdue_students
    active_occ = active_occ_sub.filter(student=student).first()
                 ^^^^^^^^^^^^^^^^^^^^^^^^^^^^^^^^^^^^^^^^^^^^^^
  File "/home/david11/Karos_L/backend/venv/lib/python3.12/site-packages/django/db/models/query.py", line 1145, in first
    for obj in queryset[:1]:
  File "/home/david11/Karos_L/backend/venv/lib/python3.12/site-packages/django/db/models/query.py", line 390, in __iter__
    self._fetch_all()
  File "/home/david11/Karos_L/backend/venv/lib/python3.12/site-packages/django/db/models/query.py", line 2000, in _fetch_all
    self._result_cache = list(self._iterable_class(self))
                         ^^^^^^^^^^^^^^^^^^^^^^^^^^^^^^^^
  File "/home/david11/Karos_L/backend/venv/lib/python3.12/site-packages/django/db/models/query.py", line 95, in __iter__
    results = compiler.execute_sql(
              ^^^^^^^^^^^^^^^^^^^^^
  File "/home/david11/Karos_L/backend/venv/lib/python3.12/site-packages/django/db/models/sql/compiler.py", line 1611, in execute_sql
    sql, params = self.as_sql()
                  ^^^^^^^^^^^^^
  File "/home/david11/Karos_L/backend/venv/lib/python3.12/site-packages/django/db/models/sql/compiler.py", line 795, in as_sql
    self.compile(self.where) if self.where is not None else ("", [])
    ^^^^^^^^^^^^^^^^^^^^^^^^
  File "/home/david11/Karos_L/backend/venv/lib/python3.12/site-packages/django/db/models/sql/compiler.py", line 578, in compile
    sql, params = node.as_sql(self, self.connection)
                  ^^^^^^^^^^^^^^^^^^^^^^^^^^^^^^^^^^
  File "/home/david11/Karos_L/backend/venv/lib/python3.12/site-packages/django/db/models/sql/where.py", line 151, in as_sql
    sql, params = compiler.compile(child)
                  ^^^^^^^^^^^^^^^^^^^^^^^
  File "/home/david11/Karos_L/backend/venv/lib/python3.12/site-packages/django/db/models/sql/compiler.py", line 578, in compile
    sql, params = node.as_sql(self, self.connection)
                  ^^^^^^^^^^^^^^^^^^^^^^^^^^^^^^^^^^
  File "/home/david11/Karos_L/backend/venv/lib/python3.12/site-packages/django/db/models/fields/related_lookups.py", line 128, in as_sql
    return super().as_sql(compiler, connection)
           ^^^^^^^^^^^^^^^^^^^^^^^^^^^^^^^^^^^^
  File "/home/david11/Karos_L/backend/venv/lib/python3.12/site-packages/django/db/models/lookups.py", line 407, in as_sql
    return super().as_sql(compiler, connection)
           ^^^^^^^^^^^^^^^^^^^^^^^^^^^^^^^^^^^^
  File "/home/david11/Karos_L/backend/venv/lib/python3.12/site-packages/django/db/models/lookups.py", line 239, in as_sql
    rhs_sql, rhs_params = self.process_rhs(compiler, connection)
                          ^^^^^^^^^^^^^^^^^^^^^^^^^^^^^^^^^^^^^^
  File "/home/david11/Karos_L/backend/venv/lib/python3.12/site-packages/django/db/models/lookups.py", line 126, in process_rhs
    sql, params = compiler.compile(value)
                  ^^^^^^^^^^^^^^^^^^^^^^^
  File "/home/david11/Karos_L/backend/venv/lib/python3.12/site-packages/django/db/models/sql/compiler.py", line 578, in compile
    sql, params = node.as_sql(self, self.connection)
                  ^^^^^^^^^^^^^^^^^^^^^^^^^^^^^^^^^^
  File "/home/david11/Karos_L/backend/venv/lib/python3.12/site-packages/django/db/models/expressions.py", line 954, in as_sql
    raise ValueError(
ValueError: This queryset contains a reference to an outer query and may only be used in a subquery.
WARNING 2026-06-28 13:04:48,988 log Conflict: /api/payments/
WARNING 2026-06-28 13:04:51,721 log Bad Request: /api/payments/
WARNING 2026-06-28 13:04:54,321 log Bad Request: /api/payments/
WARNING 2026-06-28 13:04:57,166 log Bad Request: /api/payments/
WARNING 2026-06-28 13:05:00,302 log Bad Request: /api/payments/
WARNING 2026-06-28 13:05:03,360 log Bad Request: /api/payments/
WARNING 2026-06-28 13:05:12,122 log Bad Request: /api/payments/
WARNING 2026-06-28 13:05:17,674 log Bad Request: /api/payments/
WARNING 2026-06-28 13:05:20,666 log Not Found: /api/payments/99999/
WARNING 2026-06-28 13:05:26,123 log Unauthorized: /api/payments/
WARNING 2026-06-28 13:05:38,321 log Unauthorized: /api/payments/receipts/
WARNING 2026-06-28 13:05:48,334 log Not Found: /api/payments/receipts/99999/pdf/
WARNING 2026-06-28 13:06:00,240 log Bad Request: /api/auth/login/
WARNING 2026-06-28 13:06:05,725 log Bad Request: /api/auth/login/
WARNING 2026-06-28 13:06:08,012 log Bad Request: /api/auth/login/
WARNING 2026-06-28 13:06:22,014 log Unauthorized: /api/auth/logout/
WARNING 2026-06-28 13:06:26,838 log Unauthorized: /api/auth/me/
WARNING 2026-06-28 13:07:02,165 log Bad Request: /api/occupants/1/archive/
WARNING 2026-06-28 13:07:10,814 log Bad Request: /api/occupants/
WARNING 2026-06-28 13:07:16,332 log Bad Request: /api/occupants/
WARNING 2026-06-28 13:07:19,353 log Bad Request: /api/occupants/
WARNING 2026-06-28 13:07:24,575 log Unauthorized: /api/occupants/
WARNING 2026-06-28 13:07:42,219 log Not Found: /api/occupants/99999/
WARNING 2026-06-28 13:08:16,892 log Unauthorized: /api/dashboard/
WARNING 2026-06-28 13:08:19,637 log Not Found: /api/occupants/99999/
WARNING 2026-06-28 13:08:22,613 log Unauthorized: /api/occupants/
WARNING 2026-06-28 13:08:25,855 log Bad Request: /api/occupants/
WARNING 2026-06-28 13:09:07,555 log Bad Request: /api/auth/login/
WARNING 2026-06-28 13:09:12,328 log Bad Request: /api/auth/login/
WARNING 2026-06-28 13:09:14,674 log Bad Request: /api/auth/login/
WARNING 2026-06-28 13:09:29,332 log Unauthorized: /api/auth/logout/
WARNING 2026-06-28 13:09:34,381 log Unauthorized: /api/auth/me/
WARNING 2026-06-28 13:10:17,443 log Unauthorized: /api/dashboard/
WARNING 2026-06-28 13:10:20,168 log Not Found: /api/occupants/99999/
WARNING 2026-06-28 13:10:23,221 log Unauthorized: /api/occupants/
WARNING 2026-06-28 13:10:25,950 log Bad Request: /api/occupants/
WARNING 2026-06-28 13:10:36,720 log Bad Request: /api/occupants/
WARNING 2026-06-28 13:10:54,491 log Bad Request: /api/auth/login/
WARNING 2026-06-28 13:11:00,648 log Bad Request: /api/auth/login/
WARNING 2026-06-28 13:11:03,247 log Bad Request: /api/auth/login/
WARNING 2026-06-28 13:11:19,900 log Unauthorized: /api/auth/logout/
WARNING 2026-06-28 13:11:24,916 log Unauthorized: /api/auth/me/
WARNING 2026-06-28 13:12:02,751 log Unauthorized: /api/dashboard/
WARNING 2026-06-28 13:12:05,014 log Not Found: /api/occupants/99999/
WARNING 2026-06-28 13:12:07,277 log Unauthorized: /api/occupants/
WARNING 2026-06-28 13:12:09,694 log Bad Request: /api/occupants/
WARNING 2026-06-28 13:12:21,338 log Bad Request: /api/auth/login/
WARNING 2026-06-28 13:12:25,847 log Bad Request: /api/auth/login/
WARNING 2026-06-28 13:12:28,330 log Bad Request: /api/auth/login/
WARNING 2026-06-28 13:12:43,884 log Unauthorized: /api/auth/logout/
WARNING 2026-06-28 13:12:48,898 log Unauthorized: /api/auth/me/
WARNING 2026-06-28 13:13:24,208 log Bad Request: /api/occupants/1/archive/
WARNING 2026-06-28 13:13:32,733 log Bad Request: /api/occupants/
WARNING 2026-06-28 13:13:37,930 log Bad Request: /api/occupants/
WARNING 2026-06-28 13:13:40,857 log Bad Request: /api/occupants/
WARNING 2026-06-28 13:13:46,266 log Unauthorized: /api/occupants/
WARNING 2026-06-28 13:14:03,389 log Not Found: /api/occupants/99999/
WARNING 2026-06-28 13:14:27,961 log Conflict: /api/occupancy/
WARNING 2026-06-28 13:14:30,072 log Conflict: /api/occupancy/
WARNING 2026-06-28 13:14:32,002 log Conflict: /api/occupancy/
WARNING 2026-06-28 13:14:33,823 log Conflict: /api/occupancy/
WARNING 2026-06-28 13:14:36,089 log Bad Request: /api/occupancy/
WARNING 2026-06-28 13:14:38,295 log Bad Request: /api/occupancy/
WARNING 2026-06-28 13:14:42,828 log Bad Request: /api/occupancy/
WARNING 2026-06-28 13:14:45,152 log Bad Request: /api/occupancy/
WARNING 2026-06-28 13:14:47,474 log Not Found: /api/occupancy/99999/checkout/
WARNING 2026-06-28 13:14:52,371 log Conflict: /api/occupancy/1/checkout/
WARNING 2026-06-28 13:15:02,671 log Not Found: /api/occupancy/99999/
WARNING 2026-06-28 13:15:10,150 log Unauthorized: /api/occupancy/summary/
WARNING 2026-06-28 13:15:15,631 log Unauthorized: /api/occupancy/
WARNING 2026-06-28 13:15:18,232 log Not Found: /api/occupancy/99999/
WARNING 2026-06-28 13:15:29,197 log Bad Request: /api/payments/student_balance/
WARNING 2026-06-28 13:15:32,045 log Not Found: /api/payments/student_balance/
WARNING 2026-06-28 13:16:01,548 log Unauthorized: /api/payments/overdue/
ERROR 2026-06-28 13:16:03,276 log Internal Server Error: /api/payments/overdue/
Traceback (most recent call last):
  File "/home/david11/Karos_L/backend/venv/lib/python3.12/site-packages/django/core/handlers/exception.py", line 55, in inner
    response = get_response(request)
               ^^^^^^^^^^^^^^^^^^^^^
  File "/home/david11/Karos_L/backend/venv/lib/python3.12/site-packages/django/core/handlers/base.py", line 198, in _get_response
    response = wrapped_callback(request, *callback_args, **callback_kwargs)
               ^^^^^^^^^^^^^^^^^^^^^^^^^^^^^^^^^^^^^^^^^^^^^^^^^^^^^^^^^^^^
  File "/home/david11/Karos_L/backend/venv/lib/python3.12/site-packages/django/views/decorators/csrf.py", line 65, in _view_wrapper
    return view_func(request, *args, **kwargs)
           ^^^^^^^^^^^^^^^^^^^^^^^^^^^^^^^^^^^
  File "/home/david11/Karos_L/backend/venv/lib/python3.12/site-packages/rest_framework/viewsets.py", line 125, in view
    return self.dispatch(request, *args, **kwargs)
           ^^^^^^^^^^^^^^^^^^^^^^^^^^^^^^^^^^^^^^^
  File "/home/david11/Karos_L/backend/venv/lib/python3.12/site-packages/rest_framework/views.py", line 515, in dispatch
    response = self.handle_exception(exc)
               ^^^^^^^^^^^^^^^^^^^^^^^^^^
  File "/home/david11/Karos_L/backend/venv/lib/python3.12/site-packages/rest_framework/views.py", line 475, in handle_exception
    self.raise_uncaught_exception(exc)
  File "/home/david11/Karos_L/backend/venv/lib/python3.12/site-packages/rest_framework/views.py", line 486, in raise_uncaught_exception
    raise exc
  File "/home/david11/Karos_L/backend/venv/lib/python3.12/site-packages/rest_framework/views.py", line 512, in dispatch
    response = handler(request, *args, **kwargs)
               ^^^^^^^^^^^^^^^^^^^^^^^^^^^^^^^^^
  File "/home/david11/Karos_L/backend/apps/payments/views.py", line 96, in overdue
    overdue_list = PaymentService.list_overdue_students()
                   ^^^^^^^^^^^^^^^^^^^^^^^^^^^^^^^^^^^^^^
  File "/home/david11/Karos_L/backend/apps/payments/services/__init__.py", line 295, in list_overdue_students
    active_occ = active_occ_sub.filter(student=student).first()
                 ^^^^^^^^^^^^^^^^^^^^^^^^^^^^^^^^^^^^^^^^^^^^^^
  File "/home/david11/Karos_L/backend/venv/lib/python3.12/site-packages/django/db/models/query.py", line 1145, in first
    for obj in queryset[:1]:
  File "/home/david11/Karos_L/backend/venv/lib/python3.12/site-packages/django/db/models/query.py", line 390, in __iter__
    self._fetch_all()
  File "/home/david11/Karos_L/backend/venv/lib/python3.12/site-packages/django/db/models/query.py", line 2000, in _fetch_all
    self._result_cache = list(self._iterable_class(self))
                         ^^^^^^^^^^^^^^^^^^^^^^^^^^^^^^^^
  File "/home/david11/Karos_L/backend/venv/lib/python3.12/site-packages/django/db/models/query.py", line 95, in __iter__
    results = compiler.execute_sql(
              ^^^^^^^^^^^^^^^^^^^^^
  File "/home/david11/Karos_L/backend/venv/lib/python3.12/site-packages/django/db/models/sql/compiler.py", line 1611, in execute_sql
    sql, params = self.as_sql()
                  ^^^^^^^^^^^^^
  File "/home/david11/Karos_L/backend/venv/lib/python3.12/site-packages/django/db/models/sql/compiler.py", line 795, in as_sql
    self.compile(self.where) if self.where is not None else ("", [])
    ^^^^^^^^^^^^^^^^^^^^^^^^
  File "/home/david11/Karos_L/backend/venv/lib/python3.12/site-packages/django/db/models/sql/compiler.py", line 578, in compile
    sql, params = node.as_sql(self, self.connection)
                  ^^^^^^^^^^^^^^^^^^^^^^^^^^^^^^^^^^
  File "/home/david11/Karos_L/backend/venv/lib/python3.12/site-packages/django/db/models/sql/where.py", line 151, in as_sql
    sql, params = compiler.compile(child)
                  ^^^^^^^^^^^^^^^^^^^^^^^
  File "/home/david11/Karos_L/backend/venv/lib/python3.12/site-packages/django/db/models/sql/compiler.py", line 578, in compile
    sql, params = node.as_sql(self, self.connection)
                  ^^^^^^^^^^^^^^^^^^^^^^^^^^^^^^^^^^
  File "/home/david11/Karos_L/backend/venv/lib/python3.12/site-packages/django/db/models/fields/related_lookups.py", line 128, in as_sql
    return super().as_sql(compiler, connection)
           ^^^^^^^^^^^^^^^^^^^^^^^^^^^^^^^^^^^^
  File "/home/david11/Karos_L/backend/venv/lib/python3.12/site-packages/django/db/models/lookups.py", line 407, in as_sql
    return super().as_sql(compiler, connection)
           ^^^^^^^^^^^^^^^^^^^^^^^^^^^^^^^^^^^^
  File "/home/david11/Karos_L/backend/venv/lib/python3.12/site-packages/django/db/models/lookups.py", line 239, in as_sql
    rhs_sql, rhs_params = self.process_rhs(compiler, connection)
                          ^^^^^^^^^^^^^^^^^^^^^^^^^^^^^^^^^^^^^^
  File "/home/david11/Karos_L/backend/venv/lib/python3.12/site-packages/django/db/models/lookups.py", line 126, in process_rhs
    sql, params = compiler.compile(value)
                  ^^^^^^^^^^^^^^^^^^^^^^^
  File "/home/david11/Karos_L/backend/venv/lib/python3.12/site-packages/django/db/models/sql/compiler.py", line 578, in compile
    sql, params = node.as_sql(self, self.connection)
                  ^^^^^^^^^^^^^^^^^^^^^^^^^^^^^^^^^^
  File "/home/david11/Karos_L/backend/venv/lib/python3.12/site-packages/django/db/models/expressions.py", line 954, in as_sql
    raise ValueError(
ValueError: This queryset contains a reference to an outer query and may only be used in a subquery.
WARNING 2026-06-28 13:16:05,026 log Conflict: /api/payments/
WARNING 2026-06-28 13:16:06,914 log Bad Request: /api/payments/
WARNING 2026-06-28 13:16:09,015 log Bad Request: /api/payments/
WARNING 2026-06-28 13:16:11,403 log Bad Request: /api/payments/
WARNING 2026-06-28 13:16:13,701 log Bad Request: /api/payments/
WARNING 2026-06-28 13:16:15,884 log Bad Request: /api/payments/
WARNING 2026-06-28 13:16:22,698 log Bad Request: /api/payments/
WARNING 2026-06-28 13:16:27,227 log Bad Request: /api/payments/
WARNING 2026-06-28 13:16:29,733 log Not Found: /api/payments/99999/
WARNING 2026-06-28 13:16:35,023 log Unauthorized: /api/payments/
WARNING 2026-06-28 13:16:45,979 log Unauthorized: /api/payments/receipts/
WARNING 2026-06-28 13:16:59,369 log Not Found: /api/payments/receipts/99999/pdf/
WARNING 2026-06-28 13:17:01,651 log Not Found: /api/payments/receipts/99999/
WARNING 2026-06-28 13:17:27,962 log Bad Request: /api/auth/login/
WARNING 2026-06-28 13:17:33,566 log Bad Request: /api/auth/login/
WARNING 2026-06-28 13:17:35,881 log Bad Request: /api/auth/login/
WARNING 2026-06-28 13:17:52,404 log Unauthorized: /api/auth/logout/
WARNING 2026-06-28 13:17:57,461 log Unauthorized: /api/auth/me/
WARNING 2026-06-28 13:18:28,265 log Bad Request: /api/occupants/1/archive/
WARNING 2026-06-28 13:18:34,088 log Bad Request: /api/occupants/
WARNING 2026-06-28 13:18:38,398 log Bad Request: /api/occupants/
WARNING 2026-06-28 13:18:40,564 log Bad Request: /api/occupants/
WARNING 2026-06-28 13:18:45,254 log Unauthorized: /api/occupants/
WARNING 2026-06-28 13:18:59,410 log Not Found: /api/occupants/99999/
WARNING 2026-06-28 13:19:25,629 log Conflict: /api/occupancy/
WARNING 2026-06-28 13:19:28,202 log Conflict: /api/occupancy/
WARNING 2026-06-28 13:19:30,630 log Conflict: /api/occupancy/
WARNING 2026-06-28 13:19:33,647 log Conflict: /api/occupancy/
WARNING 2026-06-28 13:19:36,114 log Bad Request: /api/occupancy/
WARNING 2026-06-28 13:19:38,787 log Bad Request: /api/occupancy/
WARNING 2026-06-28 13:19:44,177 log Bad Request: /api/occupancy/
WARNING 2026-06-28 13:19:46,802 log Bad Request: /api/occupancy/
WARNING 2026-06-28 13:19:49,747 log Not Found: /api/occupancy/99999/checkout/
WARNING 2026-06-28 13:19:54,794 log Conflict: /api/occupancy/1/checkout/
WARNING 2026-06-28 13:20:05,529 log Not Found: /api/occupancy/99999/
WARNING 2026-06-28 13:20:12,618 log Unauthorized: /api/occupancy/summary/
WARNING 2026-06-28 13:20:16,187 log Unauthorized: /api/occupancy/
WARNING 2026-06-28 13:20:18,173 log Not Found: /api/occupancy/99999/
WARNING 2026-06-28 13:20:25,448 log Bad Request: /api/payments/student_balance/
WARNING 2026-06-28 13:20:27,471 log Not Found: /api/payments/student_balance/
WARNING 2026-06-28 13:20:55,032 log Unauthorized: /api/payments/overdue/
ERROR 2026-06-28 13:20:57,649 log Internal Server Error: /api/payments/overdue/
Traceback (most recent call last):
  File "/home/david11/Karos_L/backend/venv/lib/python3.12/site-packages/django/core/handlers/exception.py", line 55, in inner
    response = get_response(request)
               ^^^^^^^^^^^^^^^^^^^^^
  File "/home/david11/Karos_L/backend/venv/lib/python3.12/site-packages/django/core/handlers/base.py", line 198, in _get_response
    response = wrapped_callback(request, *callback_args, **callback_kwargs)
               ^^^^^^^^^^^^^^^^^^^^^^^^^^^^^^^^^^^^^^^^^^^^^^^^^^^^^^^^^^^^
  File "/home/david11/Karos_L/backend/venv/lib/python3.12/site-packages/django/views/decorators/csrf.py", line 65, in _view_wrapper
    return view_func(request, *args, **kwargs)
           ^^^^^^^^^^^^^^^^^^^^^^^^^^^^^^^^^^^
  File "/home/david11/Karos_L/backend/venv/lib/python3.12/site-packages/rest_framework/viewsets.py", line 125, in view
    return self.dispatch(request, *args, **kwargs)
           ^^^^^^^^^^^^^^^^^^^^^^^^^^^^^^^^^^^^^^^
  File "/home/david11/Karos_L/backend/venv/lib/python3.12/site-packages/rest_framework/views.py", line 515, in dispatch
    response = self.handle_exception(exc)
               ^^^^^^^^^^^^^^^^^^^^^^^^^^
  File "/home/david11/Karos_L/backend/venv/lib/python3.12/site-packages/rest_framework/views.py", line 475, in handle_exception
    self.raise_uncaught_exception(exc)
  File "/home/david11/Karos_L/backend/venv/lib/python3.12/site-packages/rest_framework/views.py", line 486, in raise_uncaught_exception
    raise exc
  File "/home/david11/Karos_L/backend/venv/lib/python3.12/site-packages/rest_framework/views.py", line 512, in dispatch
    response = handler(request, *args, **kwargs)
               ^^^^^^^^^^^^^^^^^^^^^^^^^^^^^^^^^
  File "/home/david11/Karos_L/backend/apps/payments/views.py", line 96, in overdue
    overdue_list = PaymentService.list_overdue_students()
                   ^^^^^^^^^^^^^^^^^^^^^^^^^^^^^^^^^^^^^^
  File "/home/david11/Karos_L/backend/apps/payments/services/__init__.py", line 295, in list_overdue_students
    active_occ = active_occ_sub.filter(student=student).first()
                 ^^^^^^^^^^^^^^^^^^^^^^^^^^^^^^^^^^^^^^^^^^^^^^
  File "/home/david11/Karos_L/backend/venv/lib/python3.12/site-packages/django/db/models/query.py", line 1145, in first
    for obj in queryset[:1]:
  File "/home/david11/Karos_L/backend/venv/lib/python3.12/site-packages/django/db/models/query.py", line 390, in __iter__
    self._fetch_all()
  File "/home/david11/Karos_L/backend/venv/lib/python3.12/site-packages/django/db/models/query.py", line 2000, in _fetch_all
    self._result_cache = list(self._iterable_class(self))
                         ^^^^^^^^^^^^^^^^^^^^^^^^^^^^^^^^
  File "/home/david11/Karos_L/backend/venv/lib/python3.12/site-packages/django/db/models/query.py", line 95, in __iter__
    results = compiler.execute_sql(
              ^^^^^^^^^^^^^^^^^^^^^
  File "/home/david11/Karos_L/backend/venv/lib/python3.12/site-packages/django/db/models/sql/compiler.py", line 1611, in execute_sql
    sql, params = self.as_sql()
                  ^^^^^^^^^^^^^
  File "/home/david11/Karos_L/backend/venv/lib/python3.12/site-packages/django/db/models/sql/compiler.py", line 795, in as_sql
    self.compile(self.where) if self.where is not None else ("", [])
    ^^^^^^^^^^^^^^^^^^^^^^^^
  File "/home/david11/Karos_L/backend/venv/lib/python3.12/site-packages/django/db/models/sql/compiler.py", line 578, in compile
    sql, params = node.as_sql(self, self.connection)
                  ^^^^^^^^^^^^^^^^^^^^^^^^^^^^^^^^^^
  File "/home/david11/Karos_L/backend/venv/lib/python3.12/site-packages/django/db/models/sql/where.py", line 151, in as_sql
    sql, params = compiler.compile(child)
                  ^^^^^^^^^^^^^^^^^^^^^^^
  File "/home/david11/Karos_L/backend/venv/lib/python3.12/site-packages/django/db/models/sql/compiler.py", line 578, in compile
    sql, params = node.as_sql(self, self.connection)
                  ^^^^^^^^^^^^^^^^^^^^^^^^^^^^^^^^^^
  File "/home/david11/Karos_L/backend/venv/lib/python3.12/site-packages/django/db/models/fields/related_lookups.py", line 128, in as_sql
    return super().as_sql(compiler, connection)
           ^^^^^^^^^^^^^^^^^^^^^^^^^^^^^^^^^^^^
  File "/home/david11/Karos_L/backend/venv/lib/python3.12/site-packages/django/db/models/lookups.py", line 407, in as_sql
    return super().as_sql(compiler, connection)
           ^^^^^^^^^^^^^^^^^^^^^^^^^^^^^^^^^^^^
  File "/home/david11/Karos_L/backend/venv/lib/python3.12/site-packages/django/db/models/lookups.py", line 239, in as_sql
    rhs_sql, rhs_params = self.process_rhs(compiler, connection)
                          ^^^^^^^^^^^^^^^^^^^^^^^^^^^^^^^^^^^^^^
  File "/home/david11/Karos_L/backend/venv/lib/python3.12/site-packages/django/db/models/lookups.py", line 126, in process_rhs
    sql, params = compiler.compile(value)
                  ^^^^^^^^^^^^^^^^^^^^^^^
  File "/home/david11/Karos_L/backend/venv/lib/python3.12/site-packages/django/db/models/sql/compiler.py", line 578, in compile
    sql, params = node.as_sql(self, self.connection)
                  ^^^^^^^^^^^^^^^^^^^^^^^^^^^^^^^^^^
  File "/home/david11/Karos_L/backend/venv/lib/python3.12/site-packages/django/db/models/expressions.py", line 954, in as_sql
    raise ValueError(
ValueError: This queryset contains a reference to an outer query and may only be used in a subquery.
WARNING 2026-06-28 13:21:00,136 log Conflict: /api/payments/
WARNING 2026-06-28 13:21:02,355 log Bad Request: /api/payments/
WARNING 2026-06-28 13:21:04,934 log Bad Request: /api/payments/
WARNING 2026-06-28 13:21:07,774 log Bad Request: /api/payments/
WARNING 2026-06-28 13:21:10,202 log Bad Request: /api/payments/
WARNING 2026-06-28 13:21:13,183 log Bad Request: /api/payments/
WARNING 2026-06-28 13:21:20,874 log Bad Request: /api/payments/
WARNING 2026-06-28 13:21:25,709 log Bad Request: /api/payments/
WARNING 2026-06-28 13:21:28,642 log Not Found: /api/payments/99999/
WARNING 2026-06-28 13:21:33,881 log Unauthorized: /api/payments/
WARNING 2026-06-28 13:21:45,629 log Unauthorized: /api/payments/receipts/
WARNING 2026-06-28 13:21:58,699 log Not Found: /api/payments/receipts/99999/pdf/
WARNING 2026-06-28 13:22:01,027 log Not Found: /api/payments/receipts/99999/
WARNING 2026-06-28 13:22:33,903 log Bad Request: /api/auth/login/
WARNING 2026-06-28 13:22:39,430 log Bad Request: /api/auth/login/
WARNING 2026-06-28 13:22:41,845 log Bad Request: /api/auth/login/
WARNING 2026-06-28 13:22:57,839 log Unauthorized: /api/auth/logout/
WARNING 2026-06-28 13:23:03,134 log Unauthorized: /api/auth/me/
WARNING 2026-06-28 13:23:32,287 log Bad Request: /api/occupants/1/archive/
WARNING 2026-06-28 13:23:38,128 log Bad Request: /api/occupants/
WARNING 2026-06-28 13:23:42,307 log Bad Request: /api/occupants/
WARNING 2026-06-28 13:23:44,248 log Bad Request: /api/occupants/
WARNING 2026-06-28 13:23:48,510 log Unauthorized: /api/occupants/
WARNING 2026-06-28 13:24:01,746 log Not Found: /api/occupants/99999/
WARNING 2026-06-28 13:24:25,825 log Conflict: /api/occupancy/
WARNING 2026-06-28 13:24:28,322 log Conflict: /api/occupancy/
WARNING 2026-06-28 13:24:30,540 log Conflict: /api/occupancy/
WARNING 2026-06-28 13:24:33,277 log Conflict: /api/occupancy/
WARNING 2026-06-28 13:24:35,481 log Bad Request: /api/occupancy/
WARNING 2026-06-28 13:24:38,242 log Bad Request: /api/occupancy/
WARNING 2026-06-28 13:24:42,998 log Bad Request: /api/occupancy/
WARNING 2026-06-28 13:24:45,699 log Bad Request: /api/occupancy/
WARNING 2026-06-28 13:24:48,082 log Not Found: /api/occupancy/99999/checkout/
WARNING 2026-06-28 13:24:53,374 log Conflict: /api/occupancy/1/checkout/
WARNING 2026-06-28 13:25:03,664 log Not Found: /api/occupancy/99999/
WARNING 2026-06-28 13:25:11,367 log Unauthorized: /api/occupancy/summary/
WARNING 2026-06-28 13:25:16,616 log Unauthorized: /api/occupancy/
WARNING 2026-06-28 13:25:18,880 log Not Found: /api/occupancy/99999/
WARNING 2026-06-28 13:25:29,339 log Bad Request: /api/payments/student_balance/
WARNING 2026-06-28 13:25:31,413 log Not Found: /api/payments/student_balance/
WARNING 2026-06-28 13:25:56,529 log Unauthorized: /api/payments/overdue/
ERROR 2026-06-28 13:25:58,648 log Internal Server Error: /api/payments/overdue/
Traceback (most recent call last):
  File "/home/david11/Karos_L/backend/venv/lib/python3.12/site-packages/django/core/handlers/exception.py", line 55, in inner
    response = get_response(request)
               ^^^^^^^^^^^^^^^^^^^^^
  File "/home/david11/Karos_L/backend/venv/lib/python3.12/site-packages/django/core/handlers/base.py", line 198, in _get_response
    response = wrapped_callback(request, *callback_args, **callback_kwargs)
               ^^^^^^^^^^^^^^^^^^^^^^^^^^^^^^^^^^^^^^^^^^^^^^^^^^^^^^^^^^^^
  File "/home/david11/Karos_L/backend/venv/lib/python3.12/site-packages/django/views/decorators/csrf.py", line 65, in _view_wrapper
    return view_func(request, *args, **kwargs)
           ^^^^^^^^^^^^^^^^^^^^^^^^^^^^^^^^^^^
  File "/home/david11/Karos_L/backend/venv/lib/python3.12/site-packages/rest_framework/viewsets.py", line 125, in view
    return self.dispatch(request, *args, **kwargs)
           ^^^^^^^^^^^^^^^^^^^^^^^^^^^^^^^^^^^^^^^
  File "/home/david11/Karos_L/backend/venv/lib/python3.12/site-packages/rest_framework/views.py", line 515, in dispatch
    response = self.handle_exception(exc)
               ^^^^^^^^^^^^^^^^^^^^^^^^^^
  File "/home/david11/Karos_L/backend/venv/lib/python3.12/site-packages/rest_framework/views.py", line 475, in handle_exception
    self.raise_uncaught_exception(exc)
  File "/home/david11/Karos_L/backend/venv/lib/python3.12/site-packages/rest_framework/views.py", line 486, in raise_uncaught_exception
    raise exc
  File "/home/david11/Karos_L/backend/venv/lib/python3.12/site-packages/rest_framework/views.py", line 512, in dispatch
    response = handler(request, *args, **kwargs)
               ^^^^^^^^^^^^^^^^^^^^^^^^^^^^^^^^^
  File "/home/david11/Karos_L/backend/apps/payments/views.py", line 96, in overdue
    overdue_list = PaymentService.list_overdue_students()
                   ^^^^^^^^^^^^^^^^^^^^^^^^^^^^^^^^^^^^^^
  File "/home/david11/Karos_L/backend/apps/payments/services/__init__.py", line 295, in list_overdue_students
    active_occ = active_occ_sub.filter(student=student).first()
                 ^^^^^^^^^^^^^^^^^^^^^^^^^^^^^^^^^^^^^^^^^^^^^^
  File "/home/david11/Karos_L/backend/venv/lib/python3.12/site-packages/django/db/models/query.py", line 1145, in first
    for obj in queryset[:1]:
  File "/home/david11/Karos_L/backend/venv/lib/python3.12/site-packages/django/db/models/query.py", line 390, in __iter__
    self._fetch_all()
  File "/home/david11/Karos_L/backend/venv/lib/python3.12/site-packages/django/db/models/query.py", line 2000, in _fetch_all
    self._result_cache = list(self._iterable_class(self))
                         ^^^^^^^^^^^^^^^^^^^^^^^^^^^^^^^^
  File "/home/david11/Karos_L/backend/venv/lib/python3.12/site-packages/django/db/models/query.py", line 95, in __iter__
    results = compiler.execute_sql(
              ^^^^^^^^^^^^^^^^^^^^^
  File "/home/david11/Karos_L/backend/venv/lib/python3.12/site-packages/django/db/models/sql/compiler.py", line 1611, in execute_sql
    sql, params = self.as_sql()
                  ^^^^^^^^^^^^^
  File "/home/david11/Karos_L/backend/venv/lib/python3.12/site-packages/django/db/models/sql/compiler.py", line 795, in as_sql
    self.compile(self.where) if self.where is not None else ("", [])
    ^^^^^^^^^^^^^^^^^^^^^^^^
  File "/home/david11/Karos_L/backend/venv/lib/python3.12/site-packages/django/db/models/sql/compiler.py", line 578, in compile
    sql, params = node.as_sql(self, self.connection)
                  ^^^^^^^^^^^^^^^^^^^^^^^^^^^^^^^^^^
  File "/home/david11/Karos_L/backend/venv/lib/python3.12/site-packages/django/db/models/sql/where.py", line 151, in as_sql
    sql, params = compiler.compile(child)
                  ^^^^^^^^^^^^^^^^^^^^^^^
  File "/home/david11/Karos_L/backend/venv/lib/python3.12/site-packages/django/db/models/sql/compiler.py", line 578, in compile
    sql, params = node.as_sql(self, self.connection)
                  ^^^^^^^^^^^^^^^^^^^^^^^^^^^^^^^^^^
  File "/home/david11/Karos_L/backend/venv/lib/python3.12/site-packages/django/db/models/fields/related_lookups.py", line 128, in as_sql
    return super().as_sql(compiler, connection)
           ^^^^^^^^^^^^^^^^^^^^^^^^^^^^^^^^^^^^
  File "/home/david11/Karos_L/backend/venv/lib/python3.12/site-packages/django/db/models/lookups.py", line 407, in as_sql
    return super().as_sql(compiler, connection)
           ^^^^^^^^^^^^^^^^^^^^^^^^^^^^^^^^^^^^
  File "/home/david11/Karos_L/backend/venv/lib/python3.12/site-packages/django/db/models/lookups.py", line 239, in as_sql
    rhs_sql, rhs_params = self.process_rhs(compiler, connection)
                          ^^^^^^^^^^^^^^^^^^^^^^^^^^^^^^^^^^^^^^
  File "/home/david11/Karos_L/backend/venv/lib/python3.12/site-packages/django/db/models/lookups.py", line 126, in process_rhs
    sql, params = compiler.compile(value)
                  ^^^^^^^^^^^^^^^^^^^^^^^
  File "/home/david11/Karos_L/backend/venv/lib/python3.12/site-packages/django/db/models/sql/compiler.py", line 578, in compile
    sql, params = node.as_sql(self, self.connection)
                  ^^^^^^^^^^^^^^^^^^^^^^^^^^^^^^^^^^
  File "/home/david11/Karos_L/backend/venv/lib/python3.12/site-packages/django/db/models/expressions.py", line 954, in as_sql
    raise ValueError(
ValueError: This queryset contains a reference to an outer query and may only be used in a subquery.
WARNING 2026-06-28 13:26:00,660 log Conflict: /api/payments/
WARNING 2026-06-28 13:26:02,707 log Bad Request: /api/payments/
WARNING 2026-06-28 13:26:04,810 log Bad Request: /api/payments/
WARNING 2026-06-28 13:26:06,862 log Bad Request: /api/payments/
WARNING 2026-06-28 13:26:08,902 log Bad Request: /api/payments/
WARNING 2026-06-28 13:26:11,174 log Bad Request: /api/payments/
WARNING 2026-06-28 13:26:17,729 log Bad Request: /api/payments/
WARNING 2026-06-28 13:26:22,037 log Bad Request: /api/payments/
WARNING 2026-06-28 13:26:24,210 log Not Found: /api/payments/99999/
WARNING 2026-06-28 13:26:28,911 log Unauthorized: /api/payments/
WARNING 2026-06-28 13:26:39,234 log Unauthorized: /api/payments/receipts/
WARNING 2026-06-28 13:26:51,601 log Not Found: /api/payments/receipts/99999/pdf/
WARNING 2026-06-28 13:26:54,086 log Not Found: /api/payments/receipts/99999/
WARNING 2026-06-28 13:28:04,795 log Bad Request: /api/payments/student_balance/
WARNING 2026-06-28 13:28:07,576 log Not Found: /api/payments/student_balance/
WARNING 2026-06-28 13:28:33,130 log Unauthorized: /api/payments/overdue/
WARNING 2026-06-28 13:28:36,626 log Conflict: /api/payments/
WARNING 2026-06-28 13:28:38,557 log Bad Request: /api/payments/
WARNING 2026-06-28 13:28:40,428 log Bad Request: /api/payments/
WARNING 2026-06-28 13:28:42,347 log Bad Request: /api/payments/
WARNING 2026-06-28 13:28:44,344 log Bad Request: /api/payments/
WARNING 2026-06-28 13:28:46,378 log Bad Request: /api/payments/
WARNING 2026-06-28 13:28:52,190 log Bad Request: /api/payments/
WARNING 2026-06-28 13:28:56,720 log Bad Request: /api/payments/
WARNING 2026-06-28 13:28:58,722 log Not Found: /api/payments/99999/
WARNING 2026-06-28 13:29:03,267 log Unauthorized: /api/payments/
WARNING 2026-06-28 13:29:13,195 log Unauthorized: /api/payments/receipts/
WARNING 2026-06-28 13:29:25,821 log Not Found: /api/payments/receipts/99999/pdf/
WARNING 2026-06-28 13:29:28,007 log Not Found: /api/payments/receipts/99999/
WARNING 2026-06-28 13:29:53,096 log Bad Request: /api/auth/login/
WARNING 2026-06-28 13:29:57,900 log Bad Request: /api/auth/login/
WARNING 2026-06-28 13:30:00,853 log Bad Request: /api/auth/login/
WARNING 2026-06-28 13:30:17,641 log Unauthorized: /api/auth/logout/
WARNING 2026-06-28 13:30:23,601 log Unauthorized: /api/auth/me/
WARNING 2026-06-28 13:30:57,300 log Bad Request: /api/occupants/1/archive/
WARNING 2026-06-28 13:31:04,234 log Bad Request: /api/occupants/
WARNING 2026-06-28 13:31:07,757 log Bad Request: /api/occupants/
WARNING 2026-06-28 13:31:09,611 log Bad Request: /api/occupants/
WARNING 2026-06-28 13:31:13,726 log Unauthorized: /api/occupants/
WARNING 2026-06-28 13:31:26,611 log Not Found: /api/occupants/99999/
WARNING 2026-06-28 13:31:50,167 log Conflict: /api/occupancy/
WARNING 2026-06-28 13:31:52,397 log Conflict: /api/occupancy/
WARNING 2026-06-28 13:31:55,258 log Conflict: /api/occupancy/
WARNING 2026-06-28 13:31:57,529 log Conflict: /api/occupancy/
WARNING 2026-06-28 13:32:00,176 log Bad Request: /api/occupancy/
WARNING 2026-06-28 13:32:02,509 log Bad Request: /api/occupancy/
WARNING 2026-06-28 13:32:07,703 log Bad Request: /api/occupancy/
WARNING 2026-06-28 13:32:10,118 log Bad Request: /api/occupancy/
WARNING 2026-06-28 13:32:12,888 log Not Found: /api/occupancy/99999/checkout/
WARNING 2026-06-28 13:32:18,008 log Conflict: /api/occupancy/1/checkout/
WARNING 2026-06-28 13:32:28,432 log Not Found: /api/occupancy/99999/
WARNING 2026-06-28 13:32:36,317 log Unauthorized: /api/occupancy/summary/
WARNING 2026-06-28 13:32:41,612 log Unauthorized: /api/occupancy/
WARNING 2026-06-28 13:32:44,293 log Not Found: /api/occupancy/99999/
WARNING 2026-06-28 13:32:54,856 log Bad Request: /api/payments/student_balance/
WARNING 2026-06-28 13:32:57,541 log Not Found: /api/payments/student_balance/
WARNING 2026-06-28 13:33:29,982 log Unauthorized: /api/payments/overdue/
WARNING 2026-06-28 13:33:35,124 log Conflict: /api/payments/
WARNING 2026-06-28 13:33:37,477 log Bad Request: /api/payments/
WARNING 2026-06-28 13:33:40,401 log Bad Request: /api/payments/
WARNING 2026-06-28 13:33:42,641 log Bad Request: /api/payments/
WARNING 2026-06-28 13:33:45,586 log Bad Request: /api/payments/
WARNING 2026-06-28 13:33:47,933 log Bad Request: /api/payments/
WARNING 2026-06-28 13:33:56,071 log Bad Request: /api/payments/
WARNING 2026-06-28 13:34:01,133 log Bad Request: /api/payments/
WARNING 2026-06-28 13:34:03,516 log Not Found: /api/payments/99999/
WARNING 2026-06-28 13:34:08,768 log Unauthorized: /api/payments/
WARNING 2026-06-28 13:34:20,401 log Unauthorized: /api/payments/receipts/
WARNING 2026-06-28 13:34:35,294 log Not Found: /api/payments/receipts/99999/pdf/
WARNING 2026-06-28 13:34:37,699 log Not Found: /api/payments/receipts/99999/
WARNING 2026-06-28 13:35:20,398 log Unauthorized: /api/properties/explorer/
WARNING 2026-06-28 13:35:30,130 log Unauthorized: /api/dashboard/
WARNING 2026-06-28 13:35:32,562 log Not Found: /api/admin/properties/99999/archive/
WARNING 2026-06-28 13:35:36,956 log Conflict: /api/admin/properties/1/archive/
WARNING 2026-06-28 13:35:42,455 log Conflict: /api/admin/sections/1/archive/
WARNING 2026-06-28 13:35:47,129 log Not Found: /api/admin/units/99999/archive/
ERROR 2026-06-28 13:35:49,514 log Internal Server Error: /api/admin/pricing-rules/
Traceback (most recent call last):
  File "/home/david11/Karos_L/backend/venv/lib/python3.12/site-packages/django/core/handlers/exception.py", line 55, in inner
    response = get_response(request)
               ^^^^^^^^^^^^^^^^^^^^^
  File "/home/david11/Karos_L/backend/venv/lib/python3.12/site-packages/django/core/handlers/base.py", line 198, in _get_response
    response = wrapped_callback(request, *callback_args, **callback_kwargs)
               ^^^^^^^^^^^^^^^^^^^^^^^^^^^^^^^^^^^^^^^^^^^^^^^^^^^^^^^^^^^^
  File "/home/david11/Karos_L/backend/venv/lib/python3.12/site-packages/django/views/decorators/csrf.py", line 65, in _view_wrapper
    return view_func(request, *args, **kwargs)
           ^^^^^^^^^^^^^^^^^^^^^^^^^^^^^^^^^^^
  File "/home/david11/Karos_L/backend/venv/lib/python3.12/site-packages/rest_framework/viewsets.py", line 125, in view
    return self.dispatch(request, *args, **kwargs)
           ^^^^^^^^^^^^^^^^^^^^^^^^^^^^^^^^^^^^^^^
  File "/home/david11/Karos_L/backend/venv/lib/python3.12/site-packages/rest_framework/views.py", line 515, in dispatch
    response = self.handle_exception(exc)
               ^^^^^^^^^^^^^^^^^^^^^^^^^^
  File "/home/david11/Karos_L/backend/venv/lib/python3.12/site-packages/rest_framework/views.py", line 475, in handle_exception
    self.raise_uncaught_exception(exc)
  File "/home/david11/Karos_L/backend/venv/lib/python3.12/site-packages/rest_framework/views.py", line 486, in raise_uncaught_exception
    raise exc
  File "/home/david11/Karos_L/backend/venv/lib/python3.12/site-packages/rest_framework/views.py", line 512, in dispatch
    response = handler(request, *args, **kwargs)
               ^^^^^^^^^^^^^^^^^^^^^^^^^^^^^^^^^
  File "/home/david11/Karos_L/backend/apps/administration/views.py", line 307, in create
    description=f"Pricing rule for unit '{rule.unit_name}' ({rule.billing_mode}, {rule.price}).",
                                          ^^^^^^^^^^^^^^
AttributeError: 'PricingRule' object has no attribute 'unit_name'
WARNING 2026-06-28 13:35:52,558 log Bad Request: /api/admin/pricing-rules/
WARNING 2026-06-28 13:35:57,548 log Bad Request: /api/admin/properties/
WARNING 2026-06-28 13:36:03,127 log Bad Request: /api/admin/sections/
WARNING 2026-06-28 13:36:08,434 log Bad Request: /api/admin/units/
ERROR 2026-06-28 13:36:16,845 log Internal Server Error: /api/admin/pricing-rules/1/
Traceback (most recent call last):
  File "/home/david11/Karos_L/backend/venv/lib/python3.12/site-packages/django/core/handlers/exception.py", line 55, in inner
    response = get_response(request)
               ^^^^^^^^^^^^^^^^^^^^^
  File "/home/david11/Karos_L/backend/venv/lib/python3.12/site-packages/django/core/handlers/base.py", line 198, in _get_response
    response = wrapped_callback(request, *callback_args, **callback_kwargs)
               ^^^^^^^^^^^^^^^^^^^^^^^^^^^^^^^^^^^^^^^^^^^^^^^^^^^^^^^^^^^^
  File "/home/david11/Karos_L/backend/venv/lib/python3.12/site-packages/django/views/decorators/csrf.py", line 65, in _view_wrapper
    return view_func(request, *args, **kwargs)
           ^^^^^^^^^^^^^^^^^^^^^^^^^^^^^^^^^^^
  File "/home/david11/Karos_L/backend/venv/lib/python3.12/site-packages/rest_framework/viewsets.py", line 125, in view
    return self.dispatch(request, *args, **kwargs)
           ^^^^^^^^^^^^^^^^^^^^^^^^^^^^^^^^^^^^^^^
  File "/home/david11/Karos_L/backend/venv/lib/python3.12/site-packages/rest_framework/views.py", line 515, in dispatch
    response = self.handle_exception(exc)
               ^^^^^^^^^^^^^^^^^^^^^^^^^^
  File "/home/david11/Karos_L/backend/venv/lib/python3.12/site-packages/rest_framework/views.py", line 475, in handle_exception
    self.raise_uncaught_exception(exc)
  File "/home/david11/Karos_L/backend/venv/lib/python3.12/site-packages/rest_framework/views.py", line 486, in raise_uncaught_exception
    raise exc
  File "/home/david11/Karos_L/backend/venv/lib/python3.12/site-packages/rest_framework/views.py", line 512, in dispatch
    response = handler(request, *args, **kwargs)
               ^^^^^^^^^^^^^^^^^^^^^^^^^^^^^^^^^
  File "/home/david11/Karos_L/backend/apps/administration/views.py", line 32, in wrapper
    return fn(*args, **kwargs)
           ^^^^^^^^^^^^^^^^^^^
  File "/home/david11/Karos_L/backend/apps/administration/views.py", line 347, in destroy
    unit_name = rule.unit_name
                ^^^^^^^^^^^^^^
AttributeError: 'PricingRule' object has no attribute 'unit_name'
WARNING 2026-06-28 13:36:51,395 log Unauthorized: /api/admin/properties/
WARNING 2026-06-28 13:37:18,144 log Unauthorized: /api/admin/users/
WARNING 2026-06-28 13:37:50,174 log Unauthorized: /api/audit/
WARNING 2026-06-28 13:37:55,731 log Forbidden: /api/audit/
WARNING 2026-06-28 13:38:40,815 log Unauthorized: /api/backups/
WARNING 2026-06-28 13:38:44,861 log Forbidden: /api/backups/
WARNING 2026-06-28 13:38:53,546 log Bad Request: /api/backups/1/restore/
WARNING 2026-06-28 13:39:29,291 log Bad Request: /api/backups/export/
WARNING 2026-06-28 13:39:33,698 log Bad Request: /api/backups/export/
WARNING 2026-06-28 13:39:58,430 log Bad Request: /api/auth/login/
WARNING 2026-06-28 13:40:02,995 log Bad Request: /api/auth/login/
WARNING 2026-06-28 13:40:05,035 log Bad Request: /api/auth/login/
WARNING 2026-06-28 13:40:18,631 log Unauthorized: /api/auth/logout/
WARNING 2026-06-28 13:40:22,901 log Unauthorized: /api/auth/me/
WARNING 2026-06-28 13:40:52,291 log Bad Request: /api/occupants/1/archive/
WARNING 2026-06-28 13:40:59,519 log Bad Request: /api/occupants/
WARNING 2026-06-28 13:41:04,249 log Bad Request: /api/occupants/
WARNING 2026-06-28 13:41:06,434 log Bad Request: /api/occupants/
WARNING 2026-06-28 13:41:11,300 log Unauthorized: /api/occupants/
WARNING 2026-06-28 13:41:21,262 log Not Found: /api/occupants/99999/
WARNING 2026-06-28 13:41:38,529 log Conflict: /api/occupancy/
WARNING 2026-06-28 13:41:40,410 log Conflict: /api/occupancy/
WARNING 2026-06-28 13:41:42,337 log Conflict: /api/occupancy/
WARNING 2026-06-28 13:41:44,189 log Conflict: /api/occupancy/
WARNING 2026-06-28 13:41:46,227 log Bad Request: /api/occupancy/
WARNING 2026-06-28 13:41:48,251 log Bad Request: /api/occupancy/
WARNING 2026-06-28 13:41:52,068 log Bad Request: /api/occupancy/
WARNING 2026-06-28 13:41:54,027 log Bad Request: /api/occupancy/
WARNING 2026-06-28 13:41:55,923 log Not Found: /api/occupancy/99999/checkout/
WARNING 2026-06-28 13:42:00,574 log Conflict: /api/occupancy/1/checkout/
WARNING 2026-06-28 13:42:08,789 log Not Found: /api/occupancy/99999/
WARNING 2026-06-28 13:42:15,374 log Unauthorized: /api/occupancy/summary/
WARNING 2026-06-28 13:42:20,096 log Unauthorized: /api/occupancy/
WARNING 2026-06-28 13:42:22,168 log Not Found: /api/occupancy/99999/
WARNING 2026-06-28 13:42:38,805 log Bad Request: /api/payments/student_balance/
WARNING 2026-06-28 13:42:41,098 log Not Found: /api/payments/student_balance/
WARNING 2026-06-28 13:43:00,449 log Unauthorized: /api/payments/overdue/
WARNING 2026-06-28 13:43:04,192 log Conflict: /api/payments/
WARNING 2026-06-28 13:43:05,482 log Bad Request: /api/payments/
WARNING 2026-06-28 13:43:07,317 log Bad Request: /api/payments/
WARNING 2026-06-28 13:43:09,196 log Bad Request: /api/payments/
WARNING 2026-06-28 13:43:11,062 log Bad Request: /api/payments/
WARNING 2026-06-28 13:43:13,005 log Bad Request: /api/payments/
WARNING 2026-06-28 13:43:18,799 log Bad Request: /api/payments/
WARNING 2026-06-28 13:43:22,673 log Bad Request: /api/payments/
WARNING 2026-06-28 13:43:24,791 log Not Found: /api/payments/99999/
WARNING 2026-06-28 13:43:28,991 log Unauthorized: /api/payments/
WARNING 2026-06-28 13:43:37,917 log Unauthorized: /api/payments/receipts/
WARNING 2026-06-28 13:43:49,693 log Not Found: /api/payments/receipts/99999/pdf/
WARNING 2026-06-28 13:43:51,856 log Not Found: /api/payments/receipts/99999/
WARNING 2026-06-28 13:44:11,746 log Unauthorized: /api/dashboard/
WARNING 2026-06-28 13:44:14,290 log Not Found: /api/occupants/99999/
WARNING 2026-06-28 13:44:16,368 log Unauthorized: /api/occupants/
WARNING 2026-06-28 13:44:18,428 log Bad Request: /api/occupants/
WARNING 2026-06-28 13:44:20,928 log Not Found: /api/admin/properties/99999/archive/
WARNING 2026-06-28 13:44:25,205 log Conflict: /api/admin/properties/1/archive/
WARNING 2026-06-28 13:44:29,581 log Conflict: /api/admin/sections/1/archive/
WARNING 2026-06-28 13:44:34,061 log Not Found: /api/admin/units/99999/archive/
ERROR 2026-06-28 13:44:36,374 log Internal Server Error: /api/admin/pricing-rules/
Traceback (most recent call last):
  File "/home/david11/Karos_L/backend/venv/lib/python3.12/site-packages/django/core/handlers/exception.py", line 55, in inner
    response = get_response(request)
               ^^^^^^^^^^^^^^^^^^^^^
  File "/home/david11/Karos_L/backend/venv/lib/python3.12/site-packages/django/core/handlers/base.py", line 198, in _get_response
    response = wrapped_callback(request, *callback_args, **callback_kwargs)
               ^^^^^^^^^^^^^^^^^^^^^^^^^^^^^^^^^^^^^^^^^^^^^^^^^^^^^^^^^^^^
  File "/home/david11/Karos_L/backend/venv/lib/python3.12/site-packages/django/views/decorators/csrf.py", line 65, in _view_wrapper
    return view_func(request, *args, **kwargs)
           ^^^^^^^^^^^^^^^^^^^^^^^^^^^^^^^^^^^
  File "/home/david11/Karos_L/backend/venv/lib/python3.12/site-packages/rest_framework/viewsets.py", line 125, in view
    return self.dispatch(request, *args, **kwargs)
           ^^^^^^^^^^^^^^^^^^^^^^^^^^^^^^^^^^^^^^^
  File "/home/david11/Karos_L/backend/venv/lib/python3.12/site-packages/rest_framework/views.py", line 515, in dispatch
    response = self.handle_exception(exc)
               ^^^^^^^^^^^^^^^^^^^^^^^^^^
  File "/home/david11/Karos_L/backend/venv/lib/python3.12/site-packages/rest_framework/views.py", line 475, in handle_exception
    self.raise_uncaught_exception(exc)
  File "/home/david11/Karos_L/backend/venv/lib/python3.12/site-packages/rest_framework/views.py", line 486, in raise_uncaught_exception
    raise exc
  File "/home/david11/Karos_L/backend/venv/lib/python3.12/site-packages/rest_framework/views.py", line 512, in dispatch
    response = handler(request, *args, **kwargs)
               ^^^^^^^^^^^^^^^^^^^^^^^^^^^^^^^^^
  File "/home/david11/Karos_L/backend/apps/administration/views.py", line 307, in create
    description=f"Pricing rule for unit '{rule.unit_name}' ({rule.billing_mode}, {rule.price}).",
                                          ^^^^^^^^^^^^^^
AttributeError: 'PricingRule' object has no attribute 'unit_name'
WARNING 2026-06-28 13:44:38,750 log Bad Request: /api/admin/pricing-rules/
WARNING 2026-06-28 13:44:43,425 log Bad Request: /api/admin/properties/
WARNING 2026-06-28 13:44:47,573 log Bad Request: /api/admin/sections/
WARNING 2026-06-28 13:44:52,179 log Bad Request: /api/admin/units/
ERROR 2026-06-28 13:44:58,742 log Internal Server Error: /api/admin/pricing-rules/1/
Traceback (most recent call last):
  File "/home/david11/Karos_L/backend/venv/lib/python3.12/site-packages/django/core/handlers/exception.py", line 55, in inner
    response = get_response(request)
               ^^^^^^^^^^^^^^^^^^^^^
  File "/home/david11/Karos_L/backend/venv/lib/python3.12/site-packages/django/core/handlers/base.py", line 198, in _get_response
    response = wrapped_callback(request, *callback_args, **callback_kwargs)
               ^^^^^^^^^^^^^^^^^^^^^^^^^^^^^^^^^^^^^^^^^^^^^^^^^^^^^^^^^^^^
  File "/home/david11/Karos_L/backend/venv/lib/python3.12/site-packages/django/views/decorators/csrf.py", line 65, in _view_wrapper
    return view_func(request, *args, **kwargs)
           ^^^^^^^^^^^^^^^^^^^^^^^^^^^^^^^^^^^
  File "/home/david11/Karos_L/backend/venv/lib/python3.12/site-packages/rest_framework/viewsets.py", line 125, in view
    return self.dispatch(request, *args, **kwargs)
           ^^^^^^^^^^^^^^^^^^^^^^^^^^^^^^^^^^^^^^^
  File "/home/david11/Karos_L/backend/venv/lib/python3.12/site-packages/rest_framework/views.py", line 515, in dispatch
    response = self.handle_exception(exc)
               ^^^^^^^^^^^^^^^^^^^^^^^^^^
  File "/home/david11/Karos_L/backend/venv/lib/python3.12/site-packages/rest_framework/views.py", line 475, in handle_exception
    self.raise_uncaught_exception(exc)
  File "/home/david11/Karos_L/backend/venv/lib/python3.12/site-packages/rest_framework/views.py", line 486, in raise_uncaught_exception
    raise exc
  File "/home/david11/Karos_L/backend/venv/lib/python3.12/site-packages/rest_framework/views.py", line 512, in dispatch
    response = handler(request, *args, **kwargs)
               ^^^^^^^^^^^^^^^^^^^^^^^^^^^^^^^^^
  File "/home/david11/Karos_L/backend/apps/administration/views.py", line 32, in wrapper
    return fn(*args, **kwargs)
           ^^^^^^^^^^^^^^^^^^^
  File "/home/david11/Karos_L/backend/apps/administration/views.py", line 347, in destroy
    unit_name = rule.unit_name
                ^^^^^^^^^^^^^^
AttributeError: 'PricingRule' object has no attribute 'unit_name'
WARNING 2026-06-28 13:45:28,080 log Unauthorized: /api/admin/properties/
WARNING 2026-06-28 13:45:40,989 log Unauthorized: /api/dashboard/
WARNING 2026-06-28 13:45:42,186 log Not Found: /api/occupants/99999/
WARNING 2026-06-28 13:45:43,392 log Unauthorized: /api/occupants/
WARNING 2026-06-28 13:45:44,592 log Bad Request: /api/occupants/
WARNING 2026-06-28 13:45:45,856 log Not Found: /api/admin/properties/99999/archive/
WARNING 2026-06-28 13:45:49,578 log Conflict: /api/admin/properties/1/archive/
WARNING 2026-06-28 13:45:52,716 log Conflict: /api/admin/sections/1/archive/
WARNING 2026-06-28 13:45:56,361 log Not Found: /api/admin/units/99999/archive/
ERROR 2026-06-28 13:45:58,253 log Internal Server Error: /api/admin/pricing-rules/
Traceback (most recent call last):
  File "/home/david11/Karos_L/backend/venv/lib/python3.12/site-packages/django/core/handlers/exception.py", line 55, in inner
    response = get_response(request)
               ^^^^^^^^^^^^^^^^^^^^^
  File "/home/david11/Karos_L/backend/venv/lib/python3.12/site-packages/django/core/handlers/base.py", line 198, in _get_response
    response = wrapped_callback(request, *callback_args, **callback_kwargs)
               ^^^^^^^^^^^^^^^^^^^^^^^^^^^^^^^^^^^^^^^^^^^^^^^^^^^^^^^^^^^^
  File "/home/david11/Karos_L/backend/venv/lib/python3.12/site-packages/django/views/decorators/csrf.py", line 65, in _view_wrapper
    return view_func(request, *args, **kwargs)
           ^^^^^^^^^^^^^^^^^^^^^^^^^^^^^^^^^^^
  File "/home/david11/Karos_L/backend/venv/lib/python3.12/site-packages/rest_framework/viewsets.py", line 125, in view
    return self.dispatch(request, *args, **kwargs)
           ^^^^^^^^^^^^^^^^^^^^^^^^^^^^^^^^^^^^^^^
  File "/home/david11/Karos_L/backend/venv/lib/python3.12/site-packages/rest_framework/views.py", line 515, in dispatch
    response = self.handle_exception(exc)
               ^^^^^^^^^^^^^^^^^^^^^^^^^^
  File "/home/david11/Karos_L/backend/venv/lib/python3.12/site-packages/rest_framework/views.py", line 475, in handle_exception
    self.raise_uncaught_exception(exc)
  File "/home/david11/Karos_L/backend/venv/lib/python3.12/site-packages/rest_framework/views.py", line 486, in raise_uncaught_exception
    raise exc
  File "/home/david11/Karos_L/backend/venv/lib/python3.12/site-packages/rest_framework/views.py", line 512, in dispatch
    response = handler(request, *args, **kwargs)
               ^^^^^^^^^^^^^^^^^^^^^^^^^^^^^^^^^
  File "/home/david11/Karos_L/backend/apps/administration/views.py", line 307, in create
    description=f"Pricing rule for unit '{rule.unit_name}' ({rule.billing_mode}, {rule.price}).",
                                          ^^^^^^^^^^^^^^
AttributeError: 'PricingRule' object has no attribute 'unit_name'
WARNING 2026-06-28 13:46:00,106 log Bad Request: /api/admin/pricing-rules/
WARNING 2026-06-28 13:46:03,775 log Bad Request: /api/admin/properties/
WARNING 2026-06-28 13:46:07,622 log Bad Request: /api/admin/sections/
WARNING 2026-06-28 13:46:11,668 log Bad Request: /api/admin/units/
ERROR 2026-06-28 13:46:18,235 log Internal Server Error: /api/admin/pricing-rules/1/
Traceback (most recent call last):
  File "/home/david11/Karos_L/backend/venv/lib/python3.12/site-packages/django/core/handlers/exception.py", line 55, in inner
    response = get_response(request)
               ^^^^^^^^^^^^^^^^^^^^^
  File "/home/david11/Karos_L/backend/venv/lib/python3.12/site-packages/django/core/handlers/base.py", line 198, in _get_response
    response = wrapped_callback(request, *callback_args, **callback_kwargs)
               ^^^^^^^^^^^^^^^^^^^^^^^^^^^^^^^^^^^^^^^^^^^^^^^^^^^^^^^^^^^^
  File "/home/david11/Karos_L/backend/venv/lib/python3.12/site-packages/django/views/decorators/csrf.py", line 65, in _view_wrapper
    return view_func(request, *args, **kwargs)
           ^^^^^^^^^^^^^^^^^^^^^^^^^^^^^^^^^^^
  File "/home/david11/Karos_L/backend/venv/lib/python3.12/site-packages/rest_framework/viewsets.py", line 125, in view
    return self.dispatch(request, *args, **kwargs)
           ^^^^^^^^^^^^^^^^^^^^^^^^^^^^^^^^^^^^^^^
  File "/home/david11/Karos_L/backend/venv/lib/python3.12/site-packages/rest_framework/views.py", line 515, in dispatch
    response = self.handle_exception(exc)
               ^^^^^^^^^^^^^^^^^^^^^^^^^^
  File "/home/david11/Karos_L/backend/venv/lib/python3.12/site-packages/rest_framework/views.py", line 475, in handle_exception
    self.raise_uncaught_exception(exc)
  File "/home/david11/Karos_L/backend/venv/lib/python3.12/site-packages/rest_framework/views.py", line 486, in raise_uncaught_exception
    raise exc
  File "/home/david11/Karos_L/backend/venv/lib/python3.12/site-packages/rest_framework/views.py", line 512, in dispatch
    response = handler(request, *args, **kwargs)
               ^^^^^^^^^^^^^^^^^^^^^^^^^^^^^^^^^
  File "/home/david11/Karos_L/backend/apps/administration/views.py", line 32, in wrapper
    return fn(*args, **kwargs)
           ^^^^^^^^^^^^^^^^^^^
  File "/home/david11/Karos_L/backend/apps/administration/views.py", line 347, in destroy
    unit_name = rule.unit_name
                ^^^^^^^^^^^^^^
AttributeError: 'PricingRule' object has no attribute 'unit_name'
WARNING 2026-06-28 13:46:46,799 log Unauthorized: /api/admin/properties/
WARNING 2026-06-28 13:47:06,779 log Unauthorized: /api/admin/users/
WARNING 2026-06-28 13:47:33,697 log Unauthorized: /api/properties/explorer/
WARNING 2026-06-28 13:48:33,907 log Not Found: /api/occupants/99999/
WARNING 2026-06-28 13:48:35,847 log Unauthorized: /api/occupants/
WARNING 2026-06-28 13:48:38,281 log Bad Request: /api/occupants/
WARNING 2026-06-28 13:48:46,879 log Unauthorized: /api/dashboard/
WARNING 2026-06-28 14:56:45,994 log Not Found: /api/
WARNING 2026-06-28 14:56:46,006 log "GET /api/ HTTP/1.1" 404 5296
WARNING 2026-06-28 14:57:30,444 log Unauthorized: /api/audit/
WARNING 2026-06-28 14:57:30,445 log "GET /api/audit/?page_size=5 HTTP/1.1" 401 76
WARNING 2026-06-28 14:57:30,464 log Unauthorized: /api/payments/
WARNING 2026-06-28 14:57:30,466 log Unauthorized: /api/payments/
WARNING 2026-06-28 14:57:30,467 log Unauthorized: /api/occupancy/summary/
WARNING 2026-06-28 14:57:30,480 log "GET /api/occupancy/summary/ HTTP/1.1" 401 76
WARNING 2026-06-28 14:57:30,471 log Unauthorized: /api/payments/overdue/
WARNING 2026-06-28 14:57:30,474 log Unauthorized: /api/occupancy/summary/
WARNING 2026-06-28 14:57:30,475 log "GET /api/payments/?page_size=5 HTTP/1.1" 401 76
WARNING 2026-06-28 14:57:30,480 log "GET /api/payments/?page_size=5 HTTP/1.1" 401 76
WARNING 2026-06-28 14:57:30,469 log Unauthorized: /api/payments/overdue/
WARNING 2026-06-28 14:57:30,483 log "GET /api/payments/overdue/ HTTP/1.1" 401 76
WARNING 2026-06-28 14:57:30,485 log "GET /api/occupancy/summary/ HTTP/1.1" 401 76
WARNING 2026-06-28 14:57:30,488 log "GET /api/payments/overdue/ HTTP/1.1" 401 76
WARNING 2026-06-28 14:57:30,499 log Unauthorized: /api/audit/
WARNING 2026-06-28 14:57:30,502 log "GET /api/audit/?page_size=5 HTTP/1.1" 401 76
WARNING 2026-06-28 14:59:39,453 log Unauthorized: /api/properties/explorer/
WARNING 2026-06-28 14:59:39,455 log Unauthorized: /api/properties/explorer/
WARNING 2026-06-28 14:59:39,456 log "GET /api/properties/explorer/ HTTP/1.1" 401 76
WARNING 2026-06-28 14:59:39,456 log "GET /api/properties/explorer/ HTTP/1.1" 401 76
WARNING 2026-06-28 15:05:23,274 log Unauthorized: /api/occupancy/summary/
WARNING 2026-06-28 15:05:23,276 log "GET /api/occupancy/summary/ HTTP/1.1" 401 76
WARNING 2026-06-28 15:05:23,280 log Unauthorized: /api/payments/
WARNING 2026-06-28 15:05:23,282 log "GET /api/payments/?page_size=5 HTTP/1.1" 401 76
WARNING 2026-06-28 15:05:23,295 log Unauthorized: /api/occupancy/summary/
WARNING 2026-06-28 15:05:23,299 log Unauthorized: /api/payments/overdue/
WARNING 2026-06-28 15:05:23,302 log Unauthorized: /api/payments/
WARNING 2026-06-28 15:05:23,315 log "GET /api/payments/?page_size=5 HTTP/1.1" 401 76
WARNING 2026-06-28 15:05:23,306 log Unauthorized: /api/audit/
WARNING 2026-06-28 15:05:23,309 log Unauthorized: /api/payments/overdue/
WARNING 2026-06-28 15:05:23,314 log Unauthorized: /api/audit/
WARNING 2026-06-28 15:05:23,317 log "GET /api/audit/?page_size=5 HTTP/1.1" 401 76
WARNING 2026-06-28 15:05:23,316 log "GET /api/audit/?page_size=5 HTTP/1.1" 401 76
WARNING 2026-06-28 15:05:23,316 log "GET /api/payments/overdue/ HTTP/1.1" 401 76
WARNING 2026-06-28 15:05:23,306 log "GET /api/occupancy/summary/ HTTP/1.1" 401 76
WARNING 2026-06-28 15:05:23,318 log "GET /api/payments/overdue/ HTTP/1.1" 401 76
WARNING 2026-06-28 15:05:26,047 log Unauthorized: /api/properties/explorer/
WARNING 2026-06-28 15:05:26,051 log Unauthorized: /api/properties/explorer/
WARNING 2026-06-28 15:05:26,054 log "GET /api/properties/explorer/ HTTP/1.1" 401 76
WARNING 2026-06-28 15:05:26,053 log "GET /api/properties/explorer/ HTTP/1.1" 401 76
WARNING 2026-06-28 15:10:41,737 log Unauthorized: /api/backups/
WARNING 2026-06-28 15:10:41,740 log Unauthorized: /api/backups/
WARNING 2026-06-28 15:10:41,743 log "GET /api/backups/ HTTP/1.1" 401 76
WARNING 2026-06-28 15:10:41,741 log "GET /api/backups/ HTTP/1.1" 401 76
WARNING 2026-06-28 15:11:30,063 log Unauthorized: /api/payments/receipts/
WARNING 2026-06-28 15:11:30,066 log Unauthorized: /api/payments/receipts/
WARNING 2026-06-28 15:11:30,067 log "GET /api/payments/receipts/?page=1&page_size=20 HTTP/1.1" 401 76
WARNING 2026-06-28 15:11:30,067 log "GET /api/payments/receipts/?page=1&page_size=20 HTTP/1.1" 401 76
WARNING 2026-06-28 15:11:44,427 log Unauthorized: /api/payments/receipts/
WARNING 2026-06-28 15:11:44,428 log "GET /api/payments/receipts/?page=1&page_size=20 HTTP/1.1" 401 76
WARNING 2026-06-28 15:11:44,434 log Unauthorized: /api/payments/receipts/
WARNING 2026-06-28 15:11:44,435 log "GET /api/payments/receipts/?page=1&page_size=20 HTTP/1.1" 401 76
WARNING 2026-06-28 15:11:47,010 log Unauthorized: /api/payments/overdue/
WARNING 2026-06-28 15:11:47,013 log "GET /api/payments/overdue/ HTTP/1.1" 401 76
WARNING 2026-06-28 15:11:47,018 log Unauthorized: /api/payments/overdue/
WARNING 2026-06-28 15:11:47,020 log Unauthorized: /api/occupancy/summary/
WARNING 2026-06-28 15:11:47,023 log Unauthorized: /api/occupancy/summary/
WARNING 2026-06-28 15:11:47,024 log "GET /api/payments/overdue/ HTTP/1.1" 401 76
WARNING 2026-06-28 15:11:47,027 log "GET /api/occupancy/summary/ HTTP/1.1" 401 76
WARNING 2026-06-28 15:11:47,028 log "GET /api/occupancy/summary/ HTTP/1.1" 401 76
WARNING 2026-06-28 15:11:47,045 log Unauthorized: /api/payments/
WARNING 2026-06-28 15:11:47,048 log Unauthorized: /api/payments/
WARNING 2026-06-28 15:11:47,049 log "GET /api/payments/?page=1&page_size=20 HTTP/1.1" 401 76
WARNING 2026-06-28 15:11:47,049 log "GET /api/payments/?page=1&page_size=20 HTTP/1.1" 401 76
WARNING 2026-06-28 15:11:56,205 log Unauthorized: /api/backups/
WARNING 2026-06-28 15:11:56,206 log "GET /api/backups/ HTTP/1.1" 401 76
WARNING 2026-06-28 15:11:56,210 log Unauthorized: /api/backups/
WARNING 2026-06-28 15:11:56,210 log "GET /api/backups/ HTTP/1.1" 401 76
WARNING 2026-06-28 15:11:58,373 log Unauthorized: /api/backups/
WARNING 2026-06-28 15:11:58,374 log "POST /api/backups/ HTTP/1.1" 401 76
WARNING 2026-06-28 15:12:00,631 log Unauthorized: /api/backups/
WARNING 2026-06-28 15:12:00,632 log "POST /api/backups/ HTTP/1.1" 401 76
WARNING 2026-06-28 15:12:06,843 log Unauthorized: /api/admin/properties/
WARNING 2026-06-28 15:12:06,846 log Unauthorized: /api/admin/properties/
WARNING 2026-06-28 15:12:06,847 log "GET /api/admin/properties/ HTTP/1.1" 401 76
WARNING 2026-06-28 15:12:06,847 log "GET /api/admin/properties/ HTTP/1.1" 401 76
WARNING 2026-06-28 15:12:09,915 log Unauthorized: /api/admin/properties/
WARNING 2026-06-28 15:12:09,916 log "GET /api/admin/properties/ HTTP/1.1" 401 76
WARNING 2026-06-28 15:12:09,921 log Unauthorized: /api/admin/properties/
WARNING 2026-06-28 15:12:09,922 log "GET /api/admin/properties/ HTTP/1.1" 401 76
WARNING 2026-06-28 15:12:09,949 log Unauthorized: /api/admin/sections/
WARNING 2026-06-28 15:12:09,950 log "GET /api/admin/sections/ HTTP/1.1" 401 76
WARNING 2026-06-28 15:12:09,956 log Unauthorized: /api/admin/sections/
WARNING 2026-06-28 15:12:09,956 log "GET /api/admin/sections/ HTTP/1.1" 401 76
WARNING 2026-06-28 15:12:11,201 log Unauthorized: /api/admin/properties/
WARNING 2026-06-28 15:12:11,204 log Unauthorized: /api/admin/sections/
WARNING 2026-06-28 15:12:11,208 log Unauthorized: /api/admin/properties/
WARNING 2026-06-28 15:12:11,211 log "GET /api/admin/sections/ HTTP/1.1" 401 76
WARNING 2026-06-28 15:12:11,217 log "GET /api/admin/properties/ HTTP/1.1" 401 76
WARNING 2026-06-28 15:12:11,217 log Unauthorized: /api/admin/sections/
WARNING 2026-06-28 15:12:11,219 log "GET /api/admin/properties/ HTTP/1.1" 401 76
WARNING 2026-06-28 15:12:11,221 log "GET /api/admin/sections/ HTTP/1.1" 401 76
WARNING 2026-06-28 15:12:11,233 log Unauthorized: /api/admin/units/
WARNING 2026-06-28 15:12:11,233 log "GET /api/admin/units/ HTTP/1.1" 401 76
WARNING 2026-06-28 15:12:11,238 log Unauthorized: /api/admin/units/
WARNING 2026-06-28 15:12:11,239 log "GET /api/admin/units/ HTTP/1.1" 401 76
WARNING 2026-06-28 15:12:12,065 log Unauthorized: /api/admin/properties/
WARNING 2026-06-28 15:12:12,071 log Unauthorized: /api/admin/sections/
WARNING 2026-06-28 15:12:12,074 log Unauthorized: /api/admin/properties/
WARNING 2026-06-28 15:12:12,076 log Unauthorized: /api/admin/units/
WARNING 2026-06-28 15:12:12,080 log Unauthorized: /api/admin/sections/
WARNING 2026-06-28 15:12:12,081 log "GET /api/admin/properties/ HTTP/1.1" 401 76
WARNING 2026-06-28 15:12:12,091 log "GET /api/admin/sections/ HTTP/1.1" 401 76
WARNING 2026-06-28 15:12:12,089 log Unauthorized: /api/admin/units/
WARNING 2026-06-28 15:12:12,089 log "GET /api/admin/properties/ HTTP/1.1" 401 76
WARNING 2026-06-28 15:12:12,090 log "GET /api/admin/units/ HTTP/1.1" 401 76
WARNING 2026-06-28 15:12:12,085 log "GET /api/admin/sections/ HTTP/1.1" 401 76
WARNING 2026-06-28 15:12:12,097 log Unauthorized: /api/admin/pricing-rules/
WARNING 2026-06-28 15:12:12,101 log "GET /api/admin/pricing-rules/ HTTP/1.1" 401 76
WARNING 2026-06-28 15:12:12,098 log "GET /api/admin/units/ HTTP/1.1" 401 76
WARNING 2026-06-28 15:12:12,109 log Unauthorized: /api/admin/pricing-rules/
WARNING 2026-06-28 15:12:12,109 log "GET /api/admin/pricing-rules/ HTTP/1.1" 401 76
WARNING 2026-06-28 15:12:12,952 log Unauthorized: /api/admin/users/
WARNING 2026-06-28 15:12:12,955 log Unauthorized: /api/admin/users/groups/
WARNING 2026-06-28 15:12:12,955 log "GET /api/admin/users/ HTTP/1.1" 401 76
WARNING 2026-06-28 15:12:12,956 log "GET /api/admin/users/groups/ HTTP/1.1" 401 76
WARNING 2026-06-28 15:12:12,964 log Unauthorized: /api/admin/users/
WARNING 2026-06-28 15:12:12,966 log "GET /api/admin/users/ HTTP/1.1" 401 76
WARNING 2026-06-28 15:12:12,973 log Unauthorized: /api/admin/users/groups/
WARNING 2026-06-28 15:12:12,973 log "GET /api/admin/users/groups/ HTTP/1.1" 401 76
WARNING 2026-06-28 15:12:13,916 log Unauthorized: /api/audit/
WARNING 2026-06-28 15:12:13,918 log Unauthorized: /api/audit/entity-types/
WARNING 2026-06-28 15:12:13,920 log Unauthorized: /api/audit/actions/
WARNING 2026-06-28 15:12:13,921 log "GET /api/audit/?page=1 HTTP/1.1" 401 76
WARNING 2026-06-28 15:12:13,922 log "GET /api/audit/entity-types/ HTTP/1.1" 401 76
WARNING 2026-06-28 15:12:13,923 log "GET /api/audit/actions/ HTTP/1.1" 401 76
WARNING 2026-06-28 15:12:13,938 log Unauthorized: /api/audit/entity-types/
WARNING 2026-06-28 15:12:13,942 log Unauthorized: /api/audit/
WARNING 2026-06-28 15:12:13,944 log Unauthorized: /api/audit/actions/
WARNING 2026-06-28 15:12:13,945 log "GET /api/audit/entity-types/ HTTP/1.1" 401 76
WARNING 2026-06-28 15:12:13,945 log "GET /api/audit/?page=1 HTTP/1.1" 401 76
WARNING 2026-06-28 15:12:13,945 log "GET /api/audit/actions/ HTTP/1.1" 401 76
WARNING 2026-06-28 15:12:17,623 log Unauthorized: /api/occupancy/summary/
WARNING 2026-06-28 15:12:17,627 log Unauthorized: /api/payments/
WARNING 2026-06-28 15:12:17,633 log "GET /api/payments/?page_size=5 HTTP/1.1" 401 76
WARNING 2026-06-28 15:12:17,632 log Unauthorized: /api/payments/overdue/
WARNING 2026-06-28 15:12:17,628 log "GET /api/occupancy/summary/ HTTP/1.1" 401 76
WARNING 2026-06-28 15:12:17,638 log Unauthorized: /api/occupancy/summary/
WARNING 2026-06-28 15:12:17,655 log Unauthorized: /api/payments/overdue/
WARNING 2026-06-28 15:12:17,648 log Unauthorized: /api/audit/
WARNING 2026-06-28 15:12:17,660 log "GET /api/audit/?page_size=5 HTTP/1.1" 401 76
WARNING 2026-06-28 15:12:17,643 log Unauthorized: /api/payments/
WARNING 2026-06-28 15:12:17,657 log Unauthorized: /api/audit/
WARNING 2026-06-28 15:12:17,668 log "GET /api/audit/?page_size=5 HTTP/1.1" 401 76
WARNING 2026-06-28 15:12:17,659 log "GET /api/occupancy/summary/ HTTP/1.1" 401 76
WARNING 2026-06-28 15:12:17,653 log "GET /api/payments/overdue/ HTTP/1.1" 401 76
WARNING 2026-06-28 15:12:17,668 log "GET /api/payments/?page_size=5 HTTP/1.1" 401 76
WARNING 2026-06-28 15:12:17,658 log "GET /api/payments/overdue/ HTTP/1.1" 401 76
WARNING 2026-06-28 15:12:22,810 log Unauthorized: /api/properties/explorer/
WARNING 2026-06-28 15:12:22,812 log "GET /api/properties/explorer/ HTTP/1.1" 401 76
WARNING 2026-06-28 15:12:22,816 log Unauthorized: /api/properties/explorer/
WARNING 2026-06-28 15:12:22,818 log "GET /api/properties/explorer/ HTTP/1.1" 401 76
WARNING 2026-06-28 15:17:05,443 log Unauthorized: /api/occupancy/summary/
WARNING 2026-06-28 15:17:05,444 log "GET /api/occupancy/summary/ HTTP/1.1" 401 76
WARNING 2026-06-28 15:17:05,451 log Unauthorized: /api/payments/overdue/
WARNING 2026-06-28 15:17:05,455 log Unauthorized: /api/payments/
WARNING 2026-06-28 15:17:05,458 log Unauthorized: /api/audit/
WARNING 2026-06-28 15:17:05,459 log "GET /api/payments/overdue/ HTTP/1.1" 401 76
WARNING 2026-06-28 15:17:05,460 log "GET /api/payments/?page_size=5 HTTP/1.1" 401 76
WARNING 2026-06-28 15:17:05,461 log "GET /api/audit/?page_size=5 HTTP/1.1" 401 76
WARNING 2026-06-28 15:17:05,464 log Unauthorized: /api/occupancy/summary/
WARNING 2026-06-28 15:17:05,465 log "GET /api/occupancy/summary/ HTTP/1.1" 401 76
WARNING 2026-06-28 15:17:05,469 log Unauthorized: /api/payments/
WARNING 2026-06-28 15:17:05,469 log "GET /api/payments/?page_size=5 HTTP/1.1" 401 76
WARNING 2026-06-28 15:17:05,480 log Unauthorized: /api/audit/
WARNING 2026-06-28 15:17:05,486 log "GET /api/audit/?page_size=5 HTTP/1.1" 401 76
WARNING 2026-06-28 15:17:05,484 log Unauthorized: /api/payments/overdue/
WARNING 2026-06-28 15:17:05,488 log "GET /api/payments/overdue/ HTTP/1.1" 401 76
WARNING 2026-06-28 15:18:13,358 log Unauthorized: /api/properties/explorer/
WARNING 2026-06-28 15:18:13,360 log Unauthorized: /api/properties/explorer/
WARNING 2026-06-28 15:18:13,361 log "GET /api/properties/explorer/ HTTP/1.1" 401 76
WARNING 2026-06-28 15:18:13,361 log "GET /api/properties/explorer/ HTTP/1.1" 401 76
WARNING 2026-06-28 15:18:15,323 log Unauthorized: /api/occupancy/summary/
WARNING 2026-06-28 15:18:15,326 log Unauthorized: /api/payments/
WARNING 2026-06-28 15:18:15,328 log "GET /api/occupancy/summary/ HTTP/1.1" 401 76
WARNING 2026-06-28 15:18:15,329 log "GET /api/payments/?page_size=5 HTTP/1.1" 401 76
WARNING 2026-06-28 15:18:15,332 log Unauthorized: /api/audit/
WARNING 2026-06-28 15:18:15,337 log "GET /api/audit/?page_size=5 HTTP/1.1" 401 76
WARNING 2026-06-28 15:18:15,336 log Unauthorized: /api/payments/overdue/
WARNING 2026-06-28 15:18:15,343 log Unauthorized: /api/occupancy/summary/
WARNING 2026-06-28 15:18:15,346 log Unauthorized: /api/payments/
WARNING 2026-06-28 15:18:15,349 log Unauthorized: /api/payments/overdue/
WARNING 2026-06-28 15:18:15,352 log Unauthorized: /api/audit/
WARNING 2026-06-28 15:18:15,357 log "GET /api/audit/?page_size=5 HTTP/1.1" 401 76
WARNING 2026-06-28 15:18:15,358 log "GET /api/payments/overdue/ HTTP/1.1" 401 76
WARNING 2026-06-28 15:18:15,355 log "GET /api/payments/?page_size=5 HTTP/1.1" 401 76
WARNING 2026-06-28 15:18:15,352 log "GET /api/payments/overdue/ HTTP/1.1" 401 76
WARNING 2026-06-28 15:18:15,354 log "GET /api/occupancy/summary/ HTTP/1.1" 401 76
WARNING 2026-06-28 15:18:19,566 log Unauthorized: /api/payments/overdue/
WARNING 2026-06-28 15:18:19,568 log Unauthorized: /api/payments/
WARNING 2026-06-28 15:18:19,570 log "GET /api/payments/?page=1&page_size=20 HTTP/1.1" 401 76
WARNING 2026-06-28 15:18:19,571 log "GET /api/payments/overdue/ HTTP/1.1" 401 76
WARNING 2026-06-28 15:18:19,585 log Unauthorized: /api/occupancy/summary/
WARNING 2026-06-28 15:18:19,587 log Unauthorized: /api/payments/
WARNING 2026-06-28 15:18:19,591 log Unauthorized: /api/payments/overdue/
WARNING 2026-06-28 15:18:19,594 log "GET /api/occupancy/summary/ HTTP/1.1" 401 76
WARNING 2026-06-28 15:18:19,597 log Unauthorized: /api/occupancy/summary/
WARNING 2026-06-28 15:18:19,605 log "GET /api/occupancy/summary/ HTTP/1.1" 401 76
WARNING 2026-06-28 15:18:19,598 log "GET /api/payments/?page=1&page_size=20 HTTP/1.1" 401 76
WARNING 2026-06-28 15:18:19,598 log "GET /api/payments/overdue/ HTTP/1.1" 401 76
WARNING 2026-06-28 15:18:22,118 log Unauthorized: /api/occupants/
WARNING 2026-06-28 15:18:22,118 log "GET /api/occupants/?page=1 HTTP/1.1" 401 76
WARNING 2026-06-28 15:18:22,126 log Unauthorized: /api/occupants/
WARNING 2026-06-28 15:18:22,127 log "GET /api/occupants/?page=1 HTTP/1.1" 401 76
WARNING 2026-06-28 15:18:23,982 log Unauthorized: /api/occupants/
WARNING 2026-06-28 15:18:23,983 log "GET /api/occupants/?status=active&page=1 HTTP/1.1" 401 76
WARNING 2026-06-28 15:18:24,720 log Unauthorized: /api/occupants/
WARNING 2026-06-28 15:18:24,720 log "GET /api/occupants/?status=archived&page=1 HTTP/1.1" 401 76
WARNING 2026-06-28 15:18:32,025 log Unauthorized: /api/payments/
WARNING 2026-06-28 15:18:32,033 log "GET /api/payments/?page=1&page_size=20 HTTP/1.1" 401 76
WARNING 2026-06-28 15:18:32,031 log Unauthorized: /api/payments/overdue/
WARNING 2026-06-28 15:18:32,046 log "GET /api/payments/overdue/ HTTP/1.1" 401 76
WARNING 2026-06-28 15:18:32,041 log Unauthorized: /api/payments/
WARNING 2026-06-28 15:18:32,037 log Unauthorized: /api/occupancy/summary/
WARNING 2026-06-28 15:18:32,045 log Unauthorized: /api/occupancy/summary/
WARNING 2026-06-28 15:18:32,043 log Unauthorized: /api/payments/overdue/
WARNING 2026-06-28 15:18:32,051 log "GET /api/payments/overdue/ HTTP/1.1" 401 76
WARNING 2026-06-28 15:18:32,050 log "GET /api/occupancy/summary/ HTTP/1.1" 401 76
WARNING 2026-06-28 15:18:32,052 log "GET /api/occupancy/summary/ HTTP/1.1" 401 76
WARNING 2026-06-28 15:18:32,048 log "GET /api/payments/?page=1&page_size=20 HTTP/1.1" 401 76
WARNING 2026-06-28 15:18:35,140 log Unauthorized: /api/payments/
WARNING 2026-06-28 15:18:35,141 log "GET /api/payments/?page=1&page_size=20 HTTP/1.1" 401 76
WARNING 2026-06-28 15:18:35,956 log Unauthorized: /api/payments/
WARNING 2026-06-28 15:18:35,957 log "GET /api/payments/?page=1&page_size=20 HTTP/1.1" 401 76
WARNING 2026-06-28 15:18:36,689 log Unauthorized: /api/payments/
WARNING 2026-06-28 15:18:36,691 log "GET /api/payments/?page=1&page_size=20 HTTP/1.1" 401 76
WARNING 2026-06-28 15:18:36,853 log Unauthorized: /api/payments/
WARNING 2026-06-28 15:18:36,854 log "GET /api/payments/?page=1&page_size=20 HTTP/1.1" 401 76
WARNING 2026-06-28 15:18:37,131 log Unauthorized: /api/payments/
WARNING 2026-06-28 15:18:37,132 log "GET /api/payments/?page=1&page_size=20 HTTP/1.1" 401 76
WARNING 2026-06-30 17:45:23,794 log Unauthorized: /api/properties/explorer/
WARNING 2026-06-30 17:45:23,794 log Unauthorized: /api/properties/explorer/
WARNING 2026-06-30 17:45:23,795 log "GET /api/properties/explorer/ HTTP/1.1" 401 76
WARNING 2026-06-30 17:45:23,797 log "GET /api/properties/explorer/ HTTP/1.1" 401 76
WARNING 2026-06-30 17:45:26,084 log Method Not Allowed: /api/auth/login/
WARNING 2026-06-30 17:45:26,085 log "GET /api/auth/login/ HTTP/1.1" 405 58
WARNING 2026-06-30 17:45:31,821 log Unauthorized: /api/properties/explorer/
WARNING 2026-06-30 17:45:31,823 log Unauthorized: /api/properties/explorer/
WARNING 2026-06-30 17:45:31,824 log "GET /api/properties/explorer/ HTTP/1.1" 401 76
WARNING 2026-06-30 17:45:31,825 log "GET /api/properties/explorer/ HTTP/1.1" 401 76
WARNING 2026-06-30 17:45:35,258 log Unauthorized: /api/occupancy/summary/
WARNING 2026-06-30 17:45:35,260 log Unauthorized: /api/payments/
WARNING 2026-06-30 17:45:35,262 log "GET /api/payments/?page_size=5 HTTP/1.1" 401 76
WARNING 2026-06-30 17:45:35,261 log "GET /api/occupancy/summary/ HTTP/1.1" 401 76
WARNING 2026-06-30 17:45:35,280 log Unauthorized: /api/payments/overdue/
WARNING 2026-06-30 17:45:35,282 log Unauthorized: /api/occupancy/summary/
WARNING 2026-06-30 17:45:35,284 log Unauthorized: /api/audit/
WARNING 2026-06-30 17:45:35,285 log Unauthorized: /api/payments/
WARNING 2026-06-30 17:45:35,288 log Unauthorized: /api/payments/overdue/
WARNING 2026-06-30 17:45:35,291 log Unauthorized: /api/audit/
WARNING 2026-06-30 17:45:35,295 log "GET /api/payments/overdue/ HTTP/1.1" 401 76
WARNING 2026-06-30 17:45:35,296 log "GET /api/occupancy/summary/ HTTP/1.1" 401 76
WARNING 2026-06-30 17:45:35,296 log "GET /api/audit/?page_size=5 HTTP/1.1" 401 76
WARNING 2026-06-30 17:45:35,297 log "GET /api/payments/overdue/ HTTP/1.1" 401 76
WARNING 2026-06-30 17:45:35,297 log "GET /api/payments/?page_size=5 HTTP/1.1" 401 76
WARNING 2026-06-30 17:45:35,300 log "GET /api/audit/?page_size=5 HTTP/1.1" 401 76
WARNING 2026-06-30 17:45:43,076 log Unauthorized: /api/properties/explorer/
WARNING 2026-06-30 17:45:43,079 log Unauthorized: /api/properties/explorer/
WARNING 2026-06-30 17:45:43,080 log "GET /api/properties/explorer/ HTTP/1.1" 401 76
WARNING 2026-06-30 17:45:43,080 log "GET /api/properties/explorer/ HTTP/1.1" 401 76
WARNING 2026-06-30 17:46:09,004 log Unauthorized: /api/occupancy/summary/
WARNING 2026-06-30 17:46:09,006 log "GET /api/occupancy/summary/ HTTP/1.1" 401 76
WARNING 2026-06-30 17:46:09,019 log Unauthorized: /api/payments/overdue/
WARNING 2026-06-30 17:46:09,020 log Unauthorized: /api/payments/
WARNING 2026-06-30 17:46:09,028 log Unauthorized: /api/occupancy/summary/
WARNING 2026-06-30 17:46:09,035 log "GET /api/payments/?page_size=5 HTTP/1.1" 401 76
WARNING 2026-06-30 17:46:09,023 log Unauthorized: /api/payments/overdue/
WARNING 2026-06-30 17:46:09,033 log Unauthorized: /api/payments/
WARNING 2026-06-30 17:46:09,039 log "GET /api/payments/?page_size=5 HTTP/1.1" 401 76
WARNING 2026-06-30 17:46:09,025 log Unauthorized: /api/audit/
WARNING 2026-06-30 17:46:09,044 log "GET /api/audit/?page_size=5 HTTP/1.1" 401 76
WARNING 2026-06-30 17:46:09,036 log "GET /api/occupancy/summary/ HTTP/1.1" 401 76
WARNING 2026-06-30 17:46:09,035 log "GET /api/payments/overdue/ HTTP/1.1" 401 76
WARNING 2026-06-30 17:46:09,038 log "GET /api/payments/overdue/ HTTP/1.1" 401 76
WARNING 2026-06-30 17:46:09,052 log Unauthorized: /api/audit/
WARNING 2026-06-30 17:46:09,054 log "GET /api/audit/?page_size=5 HTTP/1.1" 401 76
WARNING 2026-06-30 17:46:20,108 log Unauthorized: /api/admin/properties/
WARNING 2026-06-30 17:46:20,109 log "GET /api/admin/properties/ HTTP/1.1" 401 76
WARNING 2026-06-30 17:46:20,120 log Unauthorized: /api/admin/properties/
WARNING 2026-06-30 17:46:20,121 log "GET /api/admin/properties/ HTTP/1.1" 401 76
WARNING 2026-06-30 17:52:59,480 log Unauthorized: /api/backups/
WARNING 2026-06-30 17:52:59,481 log "GET /api/backups/ HTTP/1.1" 401 76
WARNING 2026-06-30 17:52:59,487 log Unauthorized: /api/backups/
WARNING 2026-06-30 17:52:59,488 log "GET /api/backups/ HTTP/1.1" 401 76
WARNING 2026-06-30 17:54:24,750 log Unauthorized: /api/admin/properties/
WARNING 2026-06-30 17:54:24,753 log "GET /api/admin/properties/ HTTP/1.1" 401 76
WARNING 2026-06-30 17:54:24,752 log Unauthorized: /api/admin/properties/
WARNING 2026-06-30 17:54:24,755 log "GET /api/admin/properties/ HTTP/1.1" 401 76
WARNING 2026-06-30 17:54:27,440 log Unauthorized: /api/occupancy/summary/
WARNING 2026-06-30 17:54:27,445 log "GET /api/occupancy/summary/ HTTP/1.1" 401 76
WARNING 2026-06-30 17:54:27,445 log Unauthorized: /api/payments/
WARNING 2026-06-30 17:54:27,447 log "GET /api/payments/?page_size=5 HTTP/1.1" 401 76
WARNING 2026-06-30 17:54:27,453 log Unauthorized: /api/payments/overdue/
WARNING 2026-06-30 17:54:27,455 log Unauthorized: /api/occupancy/summary/
WARNING 2026-06-30 17:54:27,461 log Unauthorized: /api/payments/
WARNING 2026-06-30 17:54:27,475 log "GET /api/payments/?page_size=5 HTTP/1.1" 401 76
WARNING 2026-06-30 17:54:27,463 log "GET /api/payments/overdue/ HTTP/1.1" 401 76
WARNING 2026-06-30 17:54:27,471 log Unauthorized: /api/audit/
WARNING 2026-06-30 17:54:27,473 log Unauthorized: /api/payments/overdue/
WARNING 2026-06-30 17:54:27,480 log "GET /api/payments/overdue/ HTTP/1.1" 401 76
WARNING 2026-06-30 17:54:27,474 log "GET /api/occupancy/summary/ HTTP/1.1" 401 76
WARNING 2026-06-30 17:54:27,482 log "GET /api/audit/?page_size=5 HTTP/1.1" 401 76
WARNING 2026-06-30 17:54:27,467 log Unauthorized: /api/audit/
WARNING 2026-06-30 17:54:27,483 log "GET /api/audit/?page_size=5 HTTP/1.1" 401 76
WARNING 2026-06-30 17:54:29,486 log Unauthorized: /api/properties/explorer/
WARNING 2026-06-30 17:54:29,489 log Unauthorized: /api/properties/explorer/
WARNING 2026-06-30 17:54:29,489 log "GET /api/properties/explorer/ HTTP/1.1" 401 76
WARNING 2026-06-30 17:54:29,490 log "GET /api/properties/explorer/ HTTP/1.1" 401 76
WARNING 2026-06-30 17:54:30,335 log Unauthorized: /api/occupancy/summary/
WARNING 2026-06-30 17:54:30,339 log Unauthorized: /api/payments/
WARNING 2026-06-30 17:54:30,343 log "GET /api/payments/?page_size=5 HTTP/1.1" 401 76
WARNING 2026-06-30 17:54:30,342 log "GET /api/occupancy/summary/ HTTP/1.1" 401 76
WARNING 2026-06-30 17:54:30,349 log Unauthorized: /api/payments/overdue/
WARNING 2026-06-30 17:54:30,352 log "GET /api/payments/overdue/ HTTP/1.1" 401 76
WARNING 2026-06-30 17:54:30,356 log Unauthorized: /api/occupancy/summary/
WARNING 2026-06-30 17:54:30,358 log Unauthorized: /api/payments/
WARNING 2026-06-30 17:54:30,366 log "GET /api/payments/?page_size=5 HTTP/1.1" 401 76
WARNING 2026-06-30 17:54:30,363 log Unauthorized: /api/payments/overdue/
WARNING 2026-06-30 17:54:30,365 log Unauthorized: /api/audit/
WARNING 2026-06-30 17:54:30,360 log Unauthorized: /api/audit/
WARNING 2026-06-30 17:54:30,365 log "GET /api/occupancy/summary/ HTTP/1.1" 401 76
WARNING 2026-06-30 17:54:30,369 log "GET /api/audit/?page_size=5 HTTP/1.1" 401 76
WARNING 2026-06-30 17:54:30,371 log "GET /api/audit/?page_size=5 HTTP/1.1" 401 76
WARNING 2026-06-30 17:54:30,372 log "GET /api/payments/overdue/ HTTP/1.1" 401 76
WARNING 2026-06-30 17:54:31,119 log Unauthorized: /api/properties/explorer/
WARNING 2026-06-30 17:54:31,123 log Unauthorized: /api/properties/explorer/
WARNING 2026-06-30 17:54:31,124 log "GET /api/properties/explorer/ HTTP/1.1" 401 76
WARNING 2026-06-30 17:54:31,124 log "GET /api/properties/explorer/ HTTP/1.1" 401 76
WARNING 2026-06-30 17:54:32,577 log Unauthorized: /api/occupancy/summary/
WARNING 2026-06-30 17:54:32,582 log Unauthorized: /api/payments/
WARNING 2026-06-30 17:54:32,585 log "GET /api/occupancy/summary/ HTTP/1.1" 401 76
WARNING 2026-06-30 17:54:32,588 log Unauthorized: /api/payments/overdue/
WARNING 2026-06-30 17:54:32,591 log "GET /api/payments/?page_size=5 HTTP/1.1" 401 76
WARNING 2026-06-30 17:54:32,592 log "GET /api/payments/overdue/ HTTP/1.1" 401 76
WARNING 2026-06-30 17:54:32,603 log Unauthorized: /api/audit/
WARNING 2026-06-30 17:54:32,606 log "GET /api/audit/?page_size=5 HTTP/1.1" 401 76
WARNING 2026-06-30 17:54:32,605 log Unauthorized: /api/occupancy/summary/
WARNING 2026-06-30 17:54:32,608 log "GET /api/occupancy/summary/ HTTP/1.1" 401 76
WARNING 2026-06-30 17:54:32,615 log Unauthorized: /api/payments/
WARNING 2026-06-30 17:54:32,620 log Unauthorized: /api/payments/overdue/
WARNING 2026-06-30 17:54:32,625 log "GET /api/payments/overdue/ HTTP/1.1" 401 76
WARNING 2026-06-30 17:54:32,623 log Unauthorized: /api/audit/
WARNING 2026-06-30 17:54:32,624 log "GET /api/payments/?page_size=5 HTTP/1.1" 401 76
WARNING 2026-06-30 17:54:32,627 log "GET /api/audit/?page_size=5 HTTP/1.1" 401 76
WARNING 2026-06-30 17:54:35,335 log Unauthorized: /api/properties/explorer/
WARNING 2026-06-30 17:54:35,337 log Unauthorized: /api/properties/explorer/
WARNING 2026-06-30 17:54:35,338 log "GET /api/properties/explorer/ HTTP/1.1" 401 76
WARNING 2026-06-30 17:54:35,341 log "GET /api/properties/explorer/ HTTP/1.1" 401 76
WARNING 2026-06-30 17:54:37,078 log Unauthorized: /api/occupants/
WARNING 2026-06-30 17:54:37,080 log Unauthorized: /api/occupants/
WARNING 2026-06-30 17:54:37,082 log "GET /api/occupants/?page=1 HTTP/1.1" 401 76
WARNING 2026-06-30 17:54:37,083 log "GET /api/occupants/?page=1 HTTP/1.1" 401 76
WARNING 2026-06-30 17:54:37,921 log Unauthorized: /api/properties/explorer/
WARNING 2026-06-30 17:54:37,924 log "GET /api/properties/explorer/ HTTP/1.1" 401 76
WARNING 2026-06-30 17:54:37,923 log Unauthorized: /api/properties/explorer/
WARNING 2026-06-30 17:54:37,927 log "GET /api/properties/explorer/ HTTP/1.1" 401 76
WARNING 2026-06-30 17:54:38,564 log Unauthorized: /api/occupancy/summary/
WARNING 2026-06-30 17:54:38,566 log Unauthorized: /api/payments/
WARNING 2026-06-30 17:54:38,569 log Unauthorized: /api/payments/overdue/
WARNING 2026-06-30 17:54:38,569 log "GET /api/occupancy/summary/ HTTP/1.1" 401 76
WARNING 2026-06-30 17:54:38,579 log Unauthorized: /api/occupancy/summary/
WARNING 2026-06-30 17:54:38,580 log "GET /api/payments/overdue/ HTTP/1.1" 401 76
WARNING 2026-06-30 17:54:38,580 log Unauthorized: /api/audit/
WARNING 2026-06-30 17:54:38,584 log Unauthorized: /api/payments/
WARNING 2026-06-30 17:54:38,585 log "GET /api/payments/?page_size=5 HTTP/1.1" 401 76
WARNING 2026-06-30 17:54:38,585 log "GET /api/occupancy/summary/ HTTP/1.1" 401 76
WARNING 2026-06-30 17:54:38,588 log "GET /api/audit/?page_size=5 HTTP/1.1" 401 76
WARNING 2026-06-30 17:54:38,590 log "GET /api/payments/?page_size=5 HTTP/1.1" 401 76
WARNING 2026-06-30 17:54:38,597 log Unauthorized: /api/payments/overdue/
WARNING 2026-06-30 17:54:38,600 log "GET /api/payments/overdue/ HTTP/1.1" 401 76
WARNING 2026-06-30 17:54:38,603 log Unauthorized: /api/audit/
WARNING 2026-06-30 17:54:38,608 log "GET /api/audit/?page_size=5 HTTP/1.1" 401 76
WARNING 2026-06-30 17:55:11,889 log Unauthorized: /api/admin/properties/
WARNING 2026-06-30 17:55:11,891 log Unauthorized: /api/admin/properties/
WARNING 2026-06-30 17:55:11,892 log "GET /api/admin/properties/ HTTP/1.1" 401 76
WARNING 2026-06-30 17:55:11,893 log "GET /api/admin/properties/ HTTP/1.1" 401 76
WARNING 2026-06-30 17:55:28,903 log Unauthorized: /api/admin/properties/
WARNING 2026-06-30 17:55:28,904 log "POST /api/admin/properties/ HTTP/1.1" 401 76
WARNING 2026-07-01 14:34:06,190 log Bad Request: /api/auth/login/
WARNING 2026-07-01 14:34:08,405 log Bad Request: /api/auth/login/
WARNING 2026-07-01 14:34:09,456 log Bad Request: /api/auth/login/
WARNING 2026-07-01 14:34:15,869 log Unauthorized: /api/auth/logout/
WARNING 2026-07-01 14:34:17,990 log Unauthorized: /api/auth/me/
WARNING 2026-07-01 14:34:31,836 log Not Found: /api/admin/properties/99999/archive/
WARNING 2026-07-01 14:34:34,018 log Conflict: /api/admin/properties/1/archive/
WARNING 2026-07-01 14:34:36,170 log Conflict: /api/admin/sections/1/archive/
WARNING 2026-07-01 14:34:38,271 log Not Found: /api/admin/units/99999/archive/
WARNING 2026-07-01 14:34:40,383 log Bad Request: /api/admin/pricing-rules/
WARNING 2026-07-01 14:34:42,497 log Bad Request: /api/admin/properties/
WARNING 2026-07-01 14:34:44,610 log Bad Request: /api/admin/sections/
WARNING 2026-07-01 14:34:46,761 log Bad Request: /api/admin/units/
WARNING 2026-07-01 14:35:09,178 log Forbidden: /api/admin/properties/
WARNING 2026-07-01 14:35:10,218 log Unauthorized: /api/admin/properties/
WARNING 2026-07-01 14:35:22,927 log Unauthorized: /api/admin/users/
WARNING 2026-07-01 14:35:35,495 log Unauthorized: /api/audit/
WARNING 2026-07-01 14:35:37,579 log Forbidden: /api/audit/
WARNING 2026-07-01 14:35:59,468 log Unauthorized: /api/backups/
WARNING 2026-07-01 14:36:01,595 log Forbidden: /api/backups/
WARNING 2026-07-01 14:36:06,001 log Bad Request: /api/backups/1/restore/
WARNING 2026-07-01 14:36:24,547 log Bad Request: /api/backups/export/
WARNING 2026-07-01 14:36:26,759 log Bad Request: /api/backups/export/
WARNING 2026-07-01 14:36:34,383 log Unauthorized: /api/backups/export/
WARNING 2026-07-01 14:36:36,837 log Forbidden: /api/backups/export/
WARNING 2026-07-01 14:36:37,903 log Not Found: /api/occupants/99999/
WARNING 2026-07-01 14:36:38,981 log Unauthorized: /api/occupants/
WARNING 2026-07-01 14:36:40,045 log Bad Request: /api/occupants/
WARNING 2026-07-01 14:36:46,688 log Unauthorized: /api/dashboard/
WARNING 2026-07-01 14:36:48,769 log Conflict: /api/occupancy/
WARNING 2026-07-01 14:36:49,788 log Conflict: /api/occupancy/
WARNING 2026-07-01 14:36:50,813 log Conflict: /api/occupancy/
WARNING 2026-07-01 14:36:51,811 log Conflict: /api/occupancy/
WARNING 2026-07-01 14:36:52,819 log Bad Request: /api/occupancy/
WARNING 2026-07-01 14:36:53,827 log Bad Request: /api/occupancy/
WARNING 2026-07-01 14:36:56,904 log Bad Request: /api/occupancy/
WARNING 2026-07-01 14:36:58,280 log Bad Request: /api/occupancy/
WARNING 2026-07-01 14:36:59,367 log Not Found: /api/occupancy/99999/checkout/
WARNING 2026-07-01 14:37:02,427 log Conflict: /api/occupancy/1/checkout/
WARNING 2026-07-01 14:37:06,463 log Not Found: /api/occupancy/99999/
WARNING 2026-07-01 14:37:09,512 log Unauthorized: /api/occupancy/summary/
WARNING 2026-07-01 14:37:11,633 log Unauthorized: /api/occupancy/
WARNING 2026-07-01 14:37:12,738 log Not Found: /api/occupancy/99999/
WARNING 2026-07-01 14:37:15,002 log Bad Request: /api/occupants/1/archive/
WARNING 2026-07-01 14:37:18,375 log Bad Request: /api/occupants/
WARNING 2026-07-01 14:37:20,579 log Bad Request: /api/occupants/
WARNING 2026-07-01 14:37:21,679 log Bad Request: /api/occupants/
WARNING 2026-07-01 14:37:23,781 log Unauthorized: /api/occupants/
WARNING 2026-07-01 14:37:29,934 log Not Found: /api/occupants/99999/
WARNING 2026-07-01 14:37:41,994 log Bad Request: /api/payments/student_balance/
WARNING 2026-07-01 14:37:43,000 log Not Found: /api/payments/student_balance/
WARNING 2026-07-01 14:37:56,248 log Unauthorized: /api/payments/overdue/
WARNING 2026-07-01 14:37:58,275 log Conflict: /api/payments/
WARNING 2026-07-01 14:37:59,367 log Bad Request: /api/payments/
WARNING 2026-07-01 14:38:00,397 log Bad Request: /api/payments/
WARNING 2026-07-01 14:38:01,413 log Bad Request: /api/payments/
WARNING 2026-07-01 14:38:02,432 log Bad Request: /api/payments/
WARNING 2026-07-01 14:38:03,450 log Bad Request: /api/payments/
WARNING 2026-07-01 14:38:06,533 log Bad Request: /api/payments/
WARNING 2026-07-01 14:38:08,627 log Bad Request: /api/payments/
WARNING 2026-07-01 14:38:09,661 log Not Found: /api/payments/99999/
WARNING 2026-07-01 14:38:12,160 log Unauthorized: /api/payments/
WARNING 2026-07-01 14:38:16,598 log Unauthorized: /api/payments/receipts/
WARNING 2026-07-01 14:38:24,865 log Not Found: /api/payments/receipts/99999/pdf/
WARNING 2026-07-01 14:38:25,876 log Not Found: /api/payments/receipts/99999/
WARNING 2026-07-01 14:38:44,386 log Unauthorized: /api/properties/explorer/
ERROR 2026-07-01 15:29:06,327 log Internal Server Error: /api/occupants/
Traceback (most recent call last):
  File "/home/david11/Karos_L/backend/venv/lib/python3.12/site-packages/django/db/backends/utils.py", line 105, in _execute
    return self.cursor.execute(sql, params)
           ^^^^^^^^^^^^^^^^^^^^^^^^^^^^^^^^
  File "/home/david11/Karos_L/backend/venv/lib/python3.12/site-packages/django/db/backends/sqlite3/base.py", line 359, in execute
    return super().execute(query, params)
           ^^^^^^^^^^^^^^^^^^^^^^^^^^^^^^
sqlite3.IntegrityError: UNIQUE constraint failed: occupants_student.student_id_number

The above exception was the direct cause of the following exception:

Traceback (most recent call last):
  File "/home/david11/Karos_L/backend/venv/lib/python3.12/site-packages/django/core/handlers/exception.py", line 55, in inner
    response = get_response(request)
               ^^^^^^^^^^^^^^^^^^^^^
  File "/home/david11/Karos_L/backend/venv/lib/python3.12/site-packages/django/core/handlers/base.py", line 198, in _get_response
    response = wrapped_callback(request, *callback_args, **callback_kwargs)
               ^^^^^^^^^^^^^^^^^^^^^^^^^^^^^^^^^^^^^^^^^^^^^^^^^^^^^^^^^^^^
  File "/home/david11/Karos_L/backend/venv/lib/python3.12/site-packages/django/views/decorators/csrf.py", line 65, in _view_wrapper
    return view_func(request, *args, **kwargs)
           ^^^^^^^^^^^^^^^^^^^^^^^^^^^^^^^^^^^
  File "/home/david11/Karos_L/backend/venv/lib/python3.12/site-packages/rest_framework/viewsets.py", line 125, in view
    return self.dispatch(request, *args, **kwargs)
           ^^^^^^^^^^^^^^^^^^^^^^^^^^^^^^^^^^^^^^^
  File "/home/david11/Karos_L/backend/venv/lib/python3.12/site-packages/rest_framework/views.py", line 515, in dispatch
    response = self.handle_exception(exc)
               ^^^^^^^^^^^^^^^^^^^^^^^^^^
  File "/home/david11/Karos_L/backend/venv/lib/python3.12/site-packages/rest_framework/views.py", line 475, in handle_exception
    self.raise_uncaught_exception(exc)
  File "/home/david11/Karos_L/backend/venv/lib/python3.12/site-packages/rest_framework/views.py", line 486, in raise_uncaught_exception
    raise exc
  File "/home/david11/Karos_L/backend/venv/lib/python3.12/site-packages/rest_framework/views.py", line 512, in dispatch
    response = handler(request, *args, **kwargs)
               ^^^^^^^^^^^^^^^^^^^^^^^^^^^^^^^^^
  File "/home/david11/Karos_L/backend/apps/occupants/views.py", line 42, in create
    student = StudentService.create_student(serializer.validated_data)
              ^^^^^^^^^^^^^^^^^^^^^^^^^^^^^^^^^^^^^^^^^^^^^^^^^^^^^^^^
  File "/home/david11/Karos_L/backend/apps/occupants/services/__init__.py", line 52, in create_student
    return Student.objects.create(**data)
           ^^^^^^^^^^^^^^^^^^^^^^^^^^^^^^
  File "/home/david11/Karos_L/backend/venv/lib/python3.12/site-packages/django/db/models/manager.py", line 87, in manager_method
    return getattr(self.get_queryset(), name)(*args, **kwargs)
           ^^^^^^^^^^^^^^^^^^^^^^^^^^^^^^^^^^^^^^^^^^^^^^^^^^^
  File "/home/david11/Karos_L/backend/venv/lib/python3.12/site-packages/django/db/models/query.py", line 669, in create
    obj.save(force_insert=True, using=self.db)
  File "/home/david11/Karos_L/backend/venv/lib/python3.12/site-packages/django/db/models/base.py", line 874, in save
    self.save_base(
  File "/home/david11/Karos_L/backend/venv/lib/python3.12/site-packages/django/db/models/base.py", line 966, in save_base
    updated = self._save_table(
              ^^^^^^^^^^^^^^^^^
  File "/home/david11/Karos_L/backend/venv/lib/python3.12/site-packages/django/db/models/base.py", line 1169, in _save_table
    results = self._do_insert(
              ^^^^^^^^^^^^^^^^
  File "/home/david11/Karos_L/backend/venv/lib/python3.12/site-packages/django/db/models/base.py", line 1220, in _do_insert
    return manager._insert(
           ^^^^^^^^^^^^^^^^
  File "/home/david11/Karos_L/backend/venv/lib/python3.12/site-packages/django/db/models/manager.py", line 87, in manager_method
    return getattr(self.get_queryset(), name)(*args, **kwargs)
           ^^^^^^^^^^^^^^^^^^^^^^^^^^^^^^^^^^^^^^^^^^^^^^^^^^^
  File "/home/david11/Karos_L/backend/venv/lib/python3.12/site-packages/django/db/models/query.py", line 1918, in _insert
    return query.get_compiler(using=using).execute_sql(returning_fields)
           ^^^^^^^^^^^^^^^^^^^^^^^^^^^^^^^^^^^^^^^^^^^^^^^^^^^^^^^^^^^^^
  File "/home/david11/Karos_L/backend/venv/lib/python3.12/site-packages/django/db/models/sql/compiler.py", line 1925, in execute_sql
    cursor.execute(sql, params)
  File "/home/david11/Karos_L/backend/venv/lib/python3.12/site-packages/django/db/backends/utils.py", line 122, in execute
    return super().execute(sql, params)
           ^^^^^^^^^^^^^^^^^^^^^^^^^^^^
  File "/home/david11/Karos_L/backend/venv/lib/python3.12/site-packages/django/db/backends/utils.py", line 79, in execute
    return self._execute_with_wrappers(
           ^^^^^^^^^^^^^^^^^^^^^^^^^^^^
  File "/home/david11/Karos_L/backend/venv/lib/python3.12/site-packages/django/db/backends/utils.py", line 92, in _execute_with_wrappers
    return executor(sql, params, many, context)
           ^^^^^^^^^^^^^^^^^^^^^^^^^^^^^^^^^^^^
  File "/home/david11/Karos_L/backend/venv/lib/python3.12/site-packages/django/db/backends/utils.py", line 100, in _execute
    with self.db.wrap_database_errors:
  File "/home/david11/Karos_L/backend/venv/lib/python3.12/site-packages/django/db/utils.py", line 94, in __exit__
    raise dj_exc_value.with_traceback(traceback) from exc_value
  File "/home/david11/Karos_L/backend/venv/lib/python3.12/site-packages/django/db/backends/utils.py", line 105, in _execute
    return self.cursor.execute(sql, params)
           ^^^^^^^^^^^^^^^^^^^^^^^^^^^^^^^^
  File "/home/david11/Karos_L/backend/venv/lib/python3.12/site-packages/django/db/backends/sqlite3/base.py", line 359, in execute
    return super().execute(query, params)
           ^^^^^^^^^^^^^^^^^^^^^^^^^^^^^^
django.db.utils.IntegrityError: UNIQUE constraint failed: occupants_student.student_id_number
ERROR 2026-07-01 15:29:06,332 log "POST /api/occupants/ HTTP/1.1" 500 203225
ERROR 2026-07-01 15:59:22,551 log Internal Server Error: /api/occupants/
Traceback (most recent call last):
  File "/home/david11/Karos_L/backend/venv/lib/python3.12/site-packages/django/db/backends/utils.py", line 105, in _execute
    return self.cursor.execute(sql, params)
           ^^^^^^^^^^^^^^^^^^^^^^^^^^^^^^^^
  File "/home/david11/Karos_L/backend/venv/lib/python3.12/site-packages/django/db/backends/sqlite3/base.py", line 359, in execute
    return super().execute(query, params)
           ^^^^^^^^^^^^^^^^^^^^^^^^^^^^^^
sqlite3.IntegrityError: UNIQUE constraint failed: occupants_student.student_id_number

The above exception was the direct cause of the following exception:

Traceback (most recent call last):
  File "/home/david11/Karos_L/backend/venv/lib/python3.12/site-packages/django/core/handlers/exception.py", line 55, in inner
    response = get_response(request)
               ^^^^^^^^^^^^^^^^^^^^^
  File "/home/david11/Karos_L/backend/venv/lib/python3.12/site-packages/django/core/handlers/base.py", line 198, in _get_response
    response = wrapped_callback(request, *callback_args, **callback_kwargs)
               ^^^^^^^^^^^^^^^^^^^^^^^^^^^^^^^^^^^^^^^^^^^^^^^^^^^^^^^^^^^^
  File "/home/david11/Karos_L/backend/venv/lib/python3.12/site-packages/django/views/decorators/csrf.py", line 65, in _view_wrapper
    return view_func(request, *args, **kwargs)
           ^^^^^^^^^^^^^^^^^^^^^^^^^^^^^^^^^^^
  File "/home/david11/Karos_L/backend/venv/lib/python3.12/site-packages/rest_framework/viewsets.py", line 125, in view
    return self.dispatch(request, *args, **kwargs)
           ^^^^^^^^^^^^^^^^^^^^^^^^^^^^^^^^^^^^^^^
  File "/home/david11/Karos_L/backend/venv/lib/python3.12/site-packages/rest_framework/views.py", line 515, in dispatch
    response = self.handle_exception(exc)
               ^^^^^^^^^^^^^^^^^^^^^^^^^^
  File "/home/david11/Karos_L/backend/venv/lib/python3.12/site-packages/rest_framework/views.py", line 475, in handle_exception
    self.raise_uncaught_exception(exc)
  File "/home/david11/Karos_L/backend/venv/lib/python3.12/site-packages/rest_framework/views.py", line 486, in raise_uncaught_exception
    raise exc
  File "/home/david11/Karos_L/backend/venv/lib/python3.12/site-packages/rest_framework/views.py", line 512, in dispatch
    response = handler(request, *args, **kwargs)
               ^^^^^^^^^^^^^^^^^^^^^^^^^^^^^^^^^
  File "/home/david11/Karos_L/backend/apps/occupants/views.py", line 42, in create
    student = StudentService.create_student(serializer.validated_data)
              ^^^^^^^^^^^^^^^^^^^^^^^^^^^^^^^^^^^^^^^^^^^^^^^^^^^^^^^^
  File "/home/david11/Karos_L/backend/apps/occupants/services/__init__.py", line 52, in create_student
    return Student.objects.create(**data)
           ^^^^^^^^^^^^^^^^^^^^^^^^^^^^^^
  File "/home/david11/Karos_L/backend/venv/lib/python3.12/site-packages/django/db/models/manager.py", line 87, in manager_method
    return getattr(self.get_queryset(), name)(*args, **kwargs)
           ^^^^^^^^^^^^^^^^^^^^^^^^^^^^^^^^^^^^^^^^^^^^^^^^^^^
  File "/home/david11/Karos_L/backend/venv/lib/python3.12/site-packages/django/db/models/query.py", line 669, in create
    obj.save(force_insert=True, using=self.db)
  File "/home/david11/Karos_L/backend/venv/lib/python3.12/site-packages/django/db/models/base.py", line 874, in save
    self.save_base(
  File "/home/david11/Karos_L/backend/venv/lib/python3.12/site-packages/django/db/models/base.py", line 966, in save_base
    updated = self._save_table(
              ^^^^^^^^^^^^^^^^^
  File "/home/david11/Karos_L/backend/venv/lib/python3.12/site-packages/django/db/models/base.py", line 1169, in _save_table
    results = self._do_insert(
              ^^^^^^^^^^^^^^^^
  File "/home/david11/Karos_L/backend/venv/lib/python3.12/site-packages/django/db/models/base.py", line 1220, in _do_insert
    return manager._insert(
           ^^^^^^^^^^^^^^^^
  File "/home/david11/Karos_L/backend/venv/lib/python3.12/site-packages/django/db/models/manager.py", line 87, in manager_method
    return getattr(self.get_queryset(), name)(*args, **kwargs)
           ^^^^^^^^^^^^^^^^^^^^^^^^^^^^^^^^^^^^^^^^^^^^^^^^^^^
  File "/home/david11/Karos_L/backend/venv/lib/python3.12/site-packages/django/db/models/query.py", line 1918, in _insert
    return query.get_compiler(using=using).execute_sql(returning_fields)
           ^^^^^^^^^^^^^^^^^^^^^^^^^^^^^^^^^^^^^^^^^^^^^^^^^^^^^^^^^^^^^
  File "/home/david11/Karos_L/backend/venv/lib/python3.12/site-packages/django/db/models/sql/compiler.py", line 1925, in execute_sql
    cursor.execute(sql, params)
  File "/home/david11/Karos_L/backend/venv/lib/python3.12/site-packages/django/db/backends/utils.py", line 122, in execute
    return super().execute(sql, params)
           ^^^^^^^^^^^^^^^^^^^^^^^^^^^^
  File "/home/david11/Karos_L/backend/venv/lib/python3.12/site-packages/django/db/backends/utils.py", line 79, in execute
    return self._execute_with_wrappers(
           ^^^^^^^^^^^^^^^^^^^^^^^^^^^^
  File "/home/david11/Karos_L/backend/venv/lib/python3.12/site-packages/django/db/backends/utils.py", line 92, in _execute_with_wrappers
    return executor(sql, params, many, context)
           ^^^^^^^^^^^^^^^^^^^^^^^^^^^^^^^^^^^^
  File "/home/david11/Karos_L/backend/venv/lib/python3.12/site-packages/django/db/backends/utils.py", line 100, in _execute
    with self.db.wrap_database_errors:
  File "/home/david11/Karos_L/backend/venv/lib/python3.12/site-packages/django/db/utils.py", line 94, in __exit__
    raise dj_exc_value.with_traceback(traceback) from exc_value
  File "/home/david11/Karos_L/backend/venv/lib/python3.12/site-packages/django/db/backends/utils.py", line 105, in _execute
    return self.cursor.execute(sql, params)
           ^^^^^^^^^^^^^^^^^^^^^^^^^^^^^^^^
  File "/home/david11/Karos_L/backend/venv/lib/python3.12/site-packages/django/db/backends/sqlite3/base.py", line 359, in execute
    return super().execute(query, params)
           ^^^^^^^^^^^^^^^^^^^^^^^^^^^^^^
django.db.utils.IntegrityError: UNIQUE constraint failed: occupants_student.student_id_number
ERROR 2026-07-01 15:59:22,553 log "POST /api/occupants/ HTTP/1.1" 500 203620
WARNING 2026-07-01 17:37:53,137 log Bad Request: /api/auth/login/
WARNING 2026-07-01 17:37:55,363 log Bad Request: /api/auth/login/
WARNING 2026-07-01 17:37:56,573 log Bad Request: /api/auth/login/
WARNING 2026-07-01 17:38:02,908 log Unauthorized: /api/auth/logout/
WARNING 2026-07-01 17:38:05,487 log Unauthorized: /api/auth/me/
WARNING 2026-07-01 17:38:20,710 log Not Found: /api/admin/properties/99999/archive/
WARNING 2026-07-01 17:38:23,024 log Conflict: /api/admin/properties/1/archive/
WARNING 2026-07-01 17:38:25,110 log Conflict: /api/admin/sections/1/archive/
WARNING 2026-07-01 17:38:27,171 log Not Found: /api/admin/units/99999/archive/
WARNING 2026-07-01 17:38:29,340 log Bad Request: /api/admin/pricing-rules/
WARNING 2026-07-01 17:38:31,596 log Bad Request: /api/admin/properties/
WARNING 2026-07-01 17:38:33,668 log Bad Request: /api/admin/sections/
WARNING 2026-07-01 17:38:35,772 log Bad Request: /api/admin/units/
WARNING 2026-07-01 17:39:00,091 log Forbidden: /api/admin/properties/
WARNING 2026-07-01 17:39:01,334 log Unauthorized: /api/admin/properties/
WARNING 2026-07-01 17:39:15,259 log Unauthorized: /api/admin/users/
WARNING 2026-07-01 17:39:30,297 log Unauthorized: /api/audit/
WARNING 2026-07-01 17:39:32,733 log Forbidden: /api/audit/
WARNING 2026-07-01 17:40:02,706 log Unauthorized: /api/backups/
WARNING 2026-07-01 17:40:05,860 log Forbidden: /api/backups/
WARNING 2026-07-01 17:40:12,413 log Bad Request: /api/backups/1/restore/
WARNING 2026-07-01 17:40:41,523 log Bad Request: /api/backups/export/
WARNING 2026-07-01 17:40:45,220 log Bad Request: /api/backups/export/
WARNING 2026-07-01 17:40:55,086 log Unauthorized: /api/backups/export/
WARNING 2026-07-01 17:40:58,759 log Forbidden: /api/backups/export/
WARNING 2026-07-01 17:41:00,444 log Not Found: /api/occupants/99999/
WARNING 2026-07-01 17:41:02,078 log Unauthorized: /api/occupants/
WARNING 2026-07-01 17:41:03,838 log Bad Request: /api/occupants/
WARNING 2026-07-01 17:41:13,319 log Unauthorized: /api/dashboard/
WARNING 2026-07-01 17:41:16,858 log Conflict: /api/occupancy/
WARNING 2026-07-01 17:41:18,579 log Conflict: /api/occupancy/
WARNING 2026-07-01 17:41:20,474 log Conflict: /api/occupancy/
WARNING 2026-07-01 17:41:22,352 log Conflict: /api/occupancy/
WARNING 2026-07-01 17:41:23,862 log Bad Request: /api/occupancy/
WARNING 2026-07-01 17:41:25,417 log Bad Request: /api/occupancy/
WARNING 2026-07-01 17:41:29,757 log Bad Request: /api/occupancy/
WARNING 2026-07-01 17:41:31,192 log Bad Request: /api/occupancy/
WARNING 2026-07-01 17:41:32,584 log Not Found: /api/occupancy/99999/checkout/
WARNING 2026-07-01 17:41:36,801 log Conflict: /api/occupancy/1/checkout/
WARNING 2026-07-01 17:41:41,946 log Not Found: /api/occupancy/99999/
WARNING 2026-07-01 17:41:46,308 log Unauthorized: /api/occupancy/summary/
WARNING 2026-07-01 17:41:49,360 log Unauthorized: /api/occupancy/
WARNING 2026-07-01 17:41:50,873 log Not Found: /api/occupancy/99999/
WARNING 2026-07-01 17:41:54,293 log Bad Request: /api/occupants/1/archive/
WARNING 2026-07-01 17:42:00,329 log Bad Request: /api/occupants/
WARNING 2026-07-01 17:42:03,045 log Bad Request: /api/occupants/
WARNING 2026-07-01 17:42:04,367 log Bad Request: /api/occupants/
WARNING 2026-07-01 17:42:06,933 log Unauthorized: /api/occupants/
WARNING 2026-07-01 17:42:14,183 log Not Found: /api/occupants/99999/
WARNING 2026-07-01 17:42:29,288 log Bad Request: /api/payments/student_balance/
WARNING 2026-07-01 17:42:30,482 log Not Found: /api/payments/student_balance/
WARNING 2026-07-01 17:42:45,687 log Unauthorized: /api/payments/overdue/
WARNING 2026-07-01 17:42:48,051 log Conflict: /api/payments/
WARNING 2026-07-01 17:42:49,189 log Bad Request: /api/payments/
WARNING 2026-07-01 17:42:50,458 log Bad Request: /api/payments/
WARNING 2026-07-01 17:42:51,727 log Bad Request: /api/payments/
WARNING 2026-07-01 17:42:53,206 log Bad Request: /api/payments/
WARNING 2026-07-01 17:42:54,387 log Bad Request: /api/payments/
WARNING 2026-07-01 17:42:57,752 log Bad Request: /api/payments/
WARNING 2026-07-01 17:43:00,123 log Bad Request: /api/payments/
WARNING 2026-07-01 17:43:01,307 log Not Found: /api/payments/99999/
WARNING 2026-07-01 17:43:03,593 log Unauthorized: /api/payments/
WARNING 2026-07-01 17:43:08,616 log Unauthorized: /api/payments/receipts/
WARNING 2026-07-01 17:43:14,609 log Not Found: /api/payments/receipts/99999/pdf/
WARNING 2026-07-01 17:43:15,800 log Not Found: /api/payments/receipts/99999/
WARNING 2026-07-01 17:43:36,340 log Unauthorized: /api/properties/explorer/
ERROR 2026-07-01 17:45:46,079 log Internal Server Error: /api/occupancy/6/checkout/
Traceback (most recent call last):
  File "/home/david11/Karos_L/backend/venv/lib/python3.12/site-packages/django/db/backends/utils.py", line 105, in _execute
    return self.cursor.execute(sql, params)
           ^^^^^^^^^^^^^^^^^^^^^^^^^^^^^^^^
  File "/home/david11/Karos_L/backend/venv/lib/python3.12/site-packages/django/db/backends/sqlite3/base.py", line 359, in execute
    return super().execute(query, params)
           ^^^^^^^^^^^^^^^^^^^^^^^^^^^^^^
sqlite3.IntegrityError: CHECK constraint failed: ck_occupancy_end_date_after_start

The above exception was the direct cause of the following exception:

Traceback (most recent call last):
  File "/home/david11/Karos_L/backend/venv/lib/python3.12/site-packages/django/core/handlers/exception.py", line 55, in inner
    response = get_response(request)
               ^^^^^^^^^^^^^^^^^^^^^
  File "/home/david11/Karos_L/backend/venv/lib/python3.12/site-packages/django/core/handlers/base.py", line 198, in _get_response
    response = wrapped_callback(request, *callback_args, **callback_kwargs)
               ^^^^^^^^^^^^^^^^^^^^^^^^^^^^^^^^^^^^^^^^^^^^^^^^^^^^^^^^^^^^
  File "/home/david11/Karos_L/backend/venv/lib/python3.12/site-packages/django/views/decorators/csrf.py", line 65, in _view_wrapper
    return view_func(request, *args, **kwargs)
           ^^^^^^^^^^^^^^^^^^^^^^^^^^^^^^^^^^^
  File "/home/david11/Karos_L/backend/venv/lib/python3.12/site-packages/rest_framework/viewsets.py", line 125, in view
    return self.dispatch(request, *args, **kwargs)
           ^^^^^^^^^^^^^^^^^^^^^^^^^^^^^^^^^^^^^^^
  File "/home/david11/Karos_L/backend/venv/lib/python3.12/site-packages/rest_framework/views.py", line 515, in dispatch
    response = self.handle_exception(exc)
               ^^^^^^^^^^^^^^^^^^^^^^^^^^
  File "/home/david11/Karos_L/backend/venv/lib/python3.12/site-packages/rest_framework/views.py", line 475, in handle_exception
    self.raise_uncaught_exception(exc)
  File "/home/david11/Karos_L/backend/venv/lib/python3.12/site-packages/rest_framework/views.py", line 486, in raise_uncaught_exception
    raise exc
  File "/home/david11/Karos_L/backend/venv/lib/python3.12/site-packages/rest_framework/views.py", line 512, in dispatch
    response = handler(request, *args, **kwargs)
               ^^^^^^^^^^^^^^^^^^^^^^^^^^^^^^^^^
  File "/home/david11/Karos_L/backend/apps/occupancy/views.py", line 99, in checkout
    occupancy = OccupancyService.checkout_occupancy(occupancy.id)
                ^^^^^^^^^^^^^^^^^^^^^^^^^^^^^^^^^^^^^^^^^^^^^^^^^
  File "/home/david11/Karos_L/backend/apps/occupancy/services/__init__.py", line 97, in checkout_occupancy
    occupancy.save()
  File "/home/david11/Karos_L/backend/apps/occupancy/models.py", line 77, in save
    super().save(*args, **kwargs)
  File "/home/david11/Karos_L/backend/venv/lib/python3.12/site-packages/django/db/models/base.py", line 874, in save
    self.save_base(
  File "/home/david11/Karos_L/backend/venv/lib/python3.12/site-packages/django/db/models/base.py", line 966, in save_base
    updated = self._save_table(
              ^^^^^^^^^^^^^^^^^
  File "/home/david11/Karos_L/backend/venv/lib/python3.12/site-packages/django/db/models/base.py", line 1110, in _save_table
    results = self._do_update(
              ^^^^^^^^^^^^^^^^
  File "/home/david11/Karos_L/backend/venv/lib/python3.12/site-packages/django/db/models/base.py", line 1213, in _do_update
    return filtered._update(values, returning_fields)
           ^^^^^^^^^^^^^^^^^^^^^^^^^^^^^^^^^^^^^^^^^^
  File "/home/david11/Karos_L/backend/venv/lib/python3.12/site-packages/django/db/models/query.py", line 1327, in _update
    return query.get_compiler(self.db).execute_returning_sql(returning_fields)
           ^^^^^^^^^^^^^^^^^^^^^^^^^^^^^^^^^^^^^^^^^^^^^^^^^^^^^^^^^^^^^^^^^^^
  File "/home/david11/Karos_L/backend/venv/lib/python3.12/site-packages/django/db/models/sql/compiler.py", line 2140, in execute_returning_sql
    row_count = self.execute_sql(ROW_COUNT)
                ^^^^^^^^^^^^^^^^^^^^^^^^^^^
  File "/home/david11/Karos_L/backend/venv/lib/python3.12/site-packages/django/db/models/sql/compiler.py", line 2111, in execute_sql
    row_count = super().execute_sql(result_type)
                ^^^^^^^^^^^^^^^^^^^^^^^^^^^^^^^^
  File "/home/david11/Karos_L/backend/venv/lib/python3.12/site-packages/django/db/models/sql/compiler.py", line 1624, in execute_sql
    cursor.execute(sql, params)
  File "/home/david11/Karos_L/backend/venv/lib/python3.12/site-packages/django/db/backends/utils.py", line 122, in execute
    return super().execute(sql, params)
           ^^^^^^^^^^^^^^^^^^^^^^^^^^^^
  File "/home/david11/Karos_L/backend/venv/lib/python3.12/site-packages/django/db/backends/utils.py", line 79, in execute
    return self._execute_with_wrappers(
           ^^^^^^^^^^^^^^^^^^^^^^^^^^^^
  File "/home/david11/Karos_L/backend/venv/lib/python3.12/site-packages/django/db/backends/utils.py", line 92, in _execute_with_wrappers
    return executor(sql, params, many, context)
           ^^^^^^^^^^^^^^^^^^^^^^^^^^^^^^^^^^^^
  File "/home/david11/Karos_L/backend/venv/lib/python3.12/site-packages/django/db/backends/utils.py", line 100, in _execute
    with self.db.wrap_database_errors:
  File "/home/david11/Karos_L/backend/venv/lib/python3.12/site-packages/django/db/utils.py", line 94, in __exit__
    raise dj_exc_value.with_traceback(traceback) from exc_value
  File "/home/david11/Karos_L/backend/venv/lib/python3.12/site-packages/django/db/backends/utils.py", line 105, in _execute
    return self.cursor.execute(sql, params)
           ^^^^^^^^^^^^^^^^^^^^^^^^^^^^^^^^
  File "/home/david11/Karos_L/backend/venv/lib/python3.12/site-packages/django/db/backends/sqlite3/base.py", line 359, in execute
    return super().execute(query, params)
           ^^^^^^^^^^^^^^^^^^^^^^^^^^^^^^
django.db.utils.IntegrityError: CHECK constraint failed: ck_occupancy_end_date_after_start
ERROR 2026-07-01 17:45:46,084 log "POST /api/occupancy/6/checkout/ HTTP/1.1" 500 200306
WARNING 2026-07-01 17:53:51,528 log Conflict: /api/occupancy/
WARNING 2026-07-01 17:53:52,592 log Conflict: /api/occupancy/
WARNING 2026-07-01 17:53:53,679 log Conflict: /api/occupancy/
WARNING 2026-07-01 17:53:54,736 log Conflict: /api/occupancy/
WARNING 2026-07-01 17:53:55,807 log Bad Request: /api/occupancy/
WARNING 2026-07-01 17:53:56,868 log Bad Request: /api/occupancy/
WARNING 2026-07-01 17:54:00,106 log Bad Request: /api/occupancy/
WARNING 2026-07-01 17:54:01,181 log Bad Request: /api/occupancy/
WARNING 2026-07-01 17:54:02,234 log Not Found: /api/occupancy/99999/checkout/
WARNING 2026-07-01 17:54:05,465 log Conflict: /api/occupancy/1/checkout/
WARNING 2026-07-01 17:54:09,734 log Conflict: /api/occupancy/1/checkout/
WARNING 2026-07-01 17:54:10,784 log Not Found: /api/occupancy/99999/
WARNING 2026-07-01 17:54:13,983 log Unauthorized: /api/occupancy/summary/
WARNING 2026-07-01 17:54:16,100 log Unauthorized: /api/occupancy/
WARNING 2026-07-01 17:54:17,274 log Not Found: /api/occupancy/99999/
WARNING 2026-07-01 17:55:14,971 log Conflict: /api/occupancy/6/checkout/
WARNING 2026-07-01 17:55:14,972 log "POST /api/occupancy/6/checkout/ HTTP/1.1" 409 46
WARNING 2026-07-01 17:56:18,055 log Bad Request: /api/payments/
WARNING 2026-07-01 17:56:18,056 log "POST /api/payments/ HTTP/1.1" 400 76
ERROR 2026-07-01 17:56:24,010 log Internal Server Error: /api/payments/
Traceback (most recent call last):
  File "/home/david11/Karos_L/backend/venv/lib/python3.12/site-packages/django/db/backends/utils.py", line 105, in _execute
    return self.cursor.execute(sql, params)
           ^^^^^^^^^^^^^^^^^^^^^^^^^^^^^^^^
  File "/home/david11/Karos_L/backend/venv/lib/python3.12/site-packages/django/db/backends/sqlite3/base.py", line 359, in execute
    return super().execute(query, params)
           ^^^^^^^^^^^^^^^^^^^^^^^^^^^^^^
sqlite3.IntegrityError: NOT NULL constraint failed: payments_receipt.student_id_number

The above exception was the direct cause of the following exception:

Traceback (most recent call last):
  File "/home/david11/Karos_L/backend/venv/lib/python3.12/site-packages/django/core/handlers/exception.py", line 55, in inner
    response = get_response(request)
               ^^^^^^^^^^^^^^^^^^^^^
  File "/home/david11/Karos_L/backend/venv/lib/python3.12/site-packages/django/core/handlers/base.py", line 198, in _get_response
    response = wrapped_callback(request, *callback_args, **callback_kwargs)
               ^^^^^^^^^^^^^^^^^^^^^^^^^^^^^^^^^^^^^^^^^^^^^^^^^^^^^^^^^^^^
  File "/home/david11/Karos_L/backend/venv/lib/python3.12/site-packages/django/views/decorators/csrf.py", line 65, in _view_wrapper
    return view_func(request, *args, **kwargs)
           ^^^^^^^^^^^^^^^^^^^^^^^^^^^^^^^^^^^
  File "/home/david11/Karos_L/backend/venv/lib/python3.12/site-packages/rest_framework/viewsets.py", line 125, in view
    return self.dispatch(request, *args, **kwargs)
           ^^^^^^^^^^^^^^^^^^^^^^^^^^^^^^^^^^^^^^^
  File "/home/david11/Karos_L/backend/venv/lib/python3.12/site-packages/rest_framework/views.py", line 515, in dispatch
    response = self.handle_exception(exc)
               ^^^^^^^^^^^^^^^^^^^^^^^^^^
  File "/home/david11/Karos_L/backend/venv/lib/python3.12/site-packages/rest_framework/views.py", line 475, in handle_exception
    self.raise_uncaught_exception(exc)
  File "/home/david11/Karos_L/backend/venv/lib/python3.12/site-packages/rest_framework/views.py", line 486, in raise_uncaught_exception
    raise exc
  File "/home/david11/Karos_L/backend/venv/lib/python3.12/site-packages/rest_framework/views.py", line 512, in dispatch
    response = handler(request, *args, **kwargs)
               ^^^^^^^^^^^^^^^^^^^^^^^^^^^^^^^^^
  File "/home/david11/Karos_L/backend/apps/payments/views.py", line 53, in create
    payment = PaymentService.record_payment(
              ^^^^^^^^^^^^^^^^^^^^^^^^^^^^^^
  File "/home/david11/Karos_L/backend/apps/payments/services/__init__.py", line 113, in record_payment
    PaymentService._generate_receipt(payment)
  File "/home/david11/Karos_L/backend/apps/payments/services/__init__.py", line 157, in _generate_receipt
    receipt.save()
  File "/home/david11/Karos_L/backend/venv/lib/python3.12/site-packages/django/db/models/base.py", line 874, in save
    self.save_base(
  File "/home/david11/Karos_L/backend/venv/lib/python3.12/site-packages/django/db/models/base.py", line 966, in save_base
    updated = self._save_table(
              ^^^^^^^^^^^^^^^^^
  File "/home/david11/Karos_L/backend/venv/lib/python3.12/site-packages/django/db/models/base.py", line 1169, in _save_table
    results = self._do_insert(
              ^^^^^^^^^^^^^^^^
  File "/home/david11/Karos_L/backend/venv/lib/python3.12/site-packages/django/db/models/base.py", line 1220, in _do_insert
    return manager._insert(
           ^^^^^^^^^^^^^^^^
  File "/home/david11/Karos_L/backend/venv/lib/python3.12/site-packages/django/db/models/manager.py", line 87, in manager_method
    return getattr(self.get_queryset(), name)(*args, **kwargs)
           ^^^^^^^^^^^^^^^^^^^^^^^^^^^^^^^^^^^^^^^^^^^^^^^^^^^
  File "/home/david11/Karos_L/backend/venv/lib/python3.12/site-packages/django/db/models/query.py", line 1918, in _insert
    return query.get_compiler(using=using).execute_sql(returning_fields)
           ^^^^^^^^^^^^^^^^^^^^^^^^^^^^^^^^^^^^^^^^^^^^^^^^^^^^^^^^^^^^^
  File "/home/david11/Karos_L/backend/venv/lib/python3.12/site-packages/django/db/models/sql/compiler.py", line 1925, in execute_sql
    cursor.execute(sql, params)
  File "/home/david11/Karos_L/backend/venv/lib/python3.12/site-packages/django/db/backends/utils.py", line 122, in execute
    return super().execute(sql, params)
           ^^^^^^^^^^^^^^^^^^^^^^^^^^^^
  File "/home/david11/Karos_L/backend/venv/lib/python3.12/site-packages/django/db/backends/utils.py", line 79, in execute
    return self._execute_with_wrappers(
           ^^^^^^^^^^^^^^^^^^^^^^^^^^^^
  File "/home/david11/Karos_L/backend/venv/lib/python3.12/site-packages/django/db/backends/utils.py", line 92, in _execute_with_wrappers
    return executor(sql, params, many, context)
           ^^^^^^^^^^^^^^^^^^^^^^^^^^^^^^^^^^^^
  File "/home/david11/Karos_L/backend/venv/lib/python3.12/site-packages/django/db/backends/utils.py", line 100, in _execute
    with self.db.wrap_database_errors:
  File "/home/david11/Karos_L/backend/venv/lib/python3.12/site-packages/django/db/utils.py", line 94, in __exit__
    raise dj_exc_value.with_traceback(traceback) from exc_value
  File "/home/david11/Karos_L/backend/venv/lib/python3.12/site-packages/django/db/backends/utils.py", line 105, in _execute
    return self.cursor.execute(sql, params)
           ^^^^^^^^^^^^^^^^^^^^^^^^^^^^^^^^
  File "/home/david11/Karos_L/backend/venv/lib/python3.12/site-packages/django/db/backends/sqlite3/base.py", line 359, in execute
    return super().execute(query, params)
           ^^^^^^^^^^^^^^^^^^^^^^^^^^^^^^
django.db.utils.IntegrityError: NOT NULL constraint failed: payments_receipt.student_id_number
ERROR 2026-07-01 17:56:24,015 log "POST /api/payments/ HTTP/1.1" 500 201703
WARNING 2026-07-01 17:57:36,973 log Bad Request: /api/payments/student_balance/
WARNING 2026-07-01 17:57:38,058 log Not Found: /api/payments/student_balance/
WARNING 2026-07-01 17:57:52,266 log Unauthorized: /api/payments/overdue/
WARNING 2026-07-01 17:57:54,449 log Conflict: /api/payments/
WARNING 2026-07-01 17:57:55,524 log Bad Request: /api/payments/
WARNING 2026-07-01 17:57:57,717 log Bad Request: /api/payments/
WARNING 2026-07-01 17:57:58,813 log Bad Request: /api/payments/
WARNING 2026-07-01 17:57:59,885 log Bad Request: /api/payments/
WARNING 2026-07-01 17:58:00,967 log Bad Request: /api/payments/
WARNING 2026-07-01 17:58:04,187 log Bad Request: /api/payments/
WARNING 2026-07-01 17:58:06,310 log Bad Request: /api/payments/
WARNING 2026-07-01 17:58:07,380 log Not Found: /api/payments/99999/
WARNING 2026-07-01 17:58:09,508 log Unauthorized: /api/payments/
WARNING 2026-07-01 17:58:14,123 log Unauthorized: /api/payments/receipts/
WARNING 2026-07-01 17:58:19,837 log Not Found: /api/payments/receipts/99999/pdf/
WARNING 2026-07-01 17:58:20,906 log Not Found: /api/payments/receipts/99999/
WARNING 2026-07-01 17:58:27,418 log Bad Request: /api/occupants/1/archive/
WARNING 2026-07-01 17:58:31,728 log Bad Request: /api/occupants/
WARNING 2026-07-01 17:58:33,881 log Bad Request: /api/occupants/
WARNING 2026-07-01 17:58:34,968 log Bad Request: /api/occupants/
WARNING 2026-07-01 17:58:37,120 log Unauthorized: /api/occupants/
WARNING 2026-07-01 17:58:43,674 log Not Found: /api/occupants/99999/
WARNING 2026-07-01 17:58:54,515 log Conflict: /api/occupancy/
WARNING 2026-07-01 17:58:55,584 log Conflict: /api/occupancy/
WARNING 2026-07-01 17:58:56,667 log Conflict: /api/occupancy/
WARNING 2026-07-01 17:58:57,788 log Conflict: /api/occupancy/
WARNING 2026-07-01 17:58:58,855 log Bad Request: /api/occupancy/
WARNING 2026-07-01 17:58:59,923 log Bad Request: /api/occupancy/
WARNING 2026-07-01 17:59:03,176 log Bad Request: /api/occupancy/
WARNING 2026-07-01 17:59:04,272 log Bad Request: /api/occupancy/
WARNING 2026-07-01 17:59:05,373 log Not Found: /api/occupancy/99999/checkout/
WARNING 2026-07-01 17:59:08,687 log Conflict: /api/occupancy/1/checkout/
WARNING 2026-07-01 17:59:13,124 log Conflict: /api/occupancy/1/checkout/
WARNING 2026-07-01 17:59:14,203 log Not Found: /api/occupancy/99999/
WARNING 2026-07-01 17:59:17,502 log Unauthorized: /api/occupancy/summary/
WARNING 2026-07-01 17:59:19,672 log Unauthorized: /api/occupancy/
WARNING 2026-07-01 17:59:20,722 log Not Found: /api/occupancy/99999/
WARNING 2026-07-01 18:15:17,972 log Bad Request: /api/payments/student_balance/
WARNING 2026-07-01 18:15:19,096 log Not Found: /api/payments/student_balance/
WARNING 2026-07-01 18:15:32,968 log Unauthorized: /api/payments/overdue/
WARNING 2026-07-01 18:15:35,089 log Conflict: /api/payments/
WARNING 2026-07-01 18:15:36,156 log Bad Request: /api/payments/
WARNING 2026-07-01 18:15:38,291 log Bad Request: /api/payments/
WARNING 2026-07-01 18:15:39,355 log Bad Request: /api/payments/
WARNING 2026-07-01 18:15:40,412 log Bad Request: /api/payments/
WARNING 2026-07-01 18:15:41,445 log Bad Request: /api/payments/
WARNING 2026-07-01 18:15:44,661 log Bad Request: /api/payments/
WARNING 2026-07-01 18:15:48,245 log Bad Request: /api/payments/
WARNING 2026-07-01 18:15:49,287 log Not Found: /api/payments/99999/
WARNING 2026-07-01 18:15:51,396 log Unauthorized: /api/payments/
WARNING 2026-07-01 18:15:56,012 log Unauthorized: /api/payments/receipts/
WARNING 2026-07-01 18:16:01,473 log Not Found: /api/payments/receipts/99999/pdf/
WARNING 2026-07-01 18:16:02,523 log Not Found: /api/payments/receipts/99999/
WARNING 2026-07-01 18:32:31,429 log Unauthorized: /api/backups/
WARNING 2026-07-01 18:32:33,548 log Forbidden: /api/backups/
WARNING 2026-07-01 18:32:37,778 log Bad Request: /api/backups/1/restore/
WARNING 2026-07-01 18:32:55,724 log Bad Request: /api/backups/export/
WARNING 2026-07-01 18:32:57,819 log Bad Request: /api/backups/export/
WARNING 2026-07-01 18:33:04,676 log Unauthorized: /api/backups/export/
WARNING 2026-07-01 18:33:07,227 log Forbidden: /api/backups/export/
WARNING 2026-07-01 18:39:39,635 log Bad Request: /api/auth/login/
WARNING 2026-07-01 18:39:41,768 log Bad Request: /api/auth/login/
WARNING 2026-07-01 18:39:42,770 log Bad Request: /api/auth/login/
WARNING 2026-07-01 18:39:49,093 log Unauthorized: /api/auth/logout/
WARNING 2026-07-01 18:39:51,181 log Unauthorized: /api/auth/me/
WARNING 2026-07-01 18:40:05,154 log Not Found: /api/admin/properties/99999/archive/
WARNING 2026-07-01 18:40:07,393 log Conflict: /api/admin/properties/1/archive/
WARNING 2026-07-01 18:40:09,583 log Conflict: /api/admin/sections/1/archive/
WARNING 2026-07-01 18:40:11,708 log Not Found: /api/admin/units/99999/archive/
WARNING 2026-07-01 18:40:13,911 log Bad Request: /api/admin/pricing-rules/
WARNING 2026-07-01 18:40:16,044 log Bad Request: /api/admin/properties/
WARNING 2026-07-01 18:40:18,148 log Bad Request: /api/admin/sections/
WARNING 2026-07-01 18:40:20,277 log Bad Request: /api/admin/units/
WARNING 2026-07-01 18:40:42,591 log Forbidden: /api/admin/properties/
WARNING 2026-07-01 18:40:43,583 log Unauthorized: /api/admin/properties/
WARNING 2026-07-01 18:40:55,875 log Unauthorized: /api/admin/users/
WARNING 2026-07-01 18:41:08,233 log Unauthorized: /api/audit/
WARNING 2026-07-01 18:41:10,239 log Forbidden: /api/audit/
WARNING 2026-07-01 18:41:30,466 log Unauthorized: /api/backups/
WARNING 2026-07-01 18:41:32,463 log Forbidden: /api/backups/
WARNING 2026-07-01 18:41:36,462 log Bad Request: /api/backups/1/restore/
WARNING 2026-07-01 18:41:54,047 log Bad Request: /api/backups/export/
WARNING 2026-07-01 18:41:56,047 log Bad Request: /api/backups/export/
WARNING 2026-07-01 18:42:02,671 log Unauthorized: /api/backups/export/
WARNING 2026-07-01 18:42:05,052 log Forbidden: /api/backups/export/
WARNING 2026-07-01 18:42:06,091 log Not Found: /api/occupants/99999/
WARNING 2026-07-01 18:42:07,092 log Unauthorized: /api/occupants/
WARNING 2026-07-01 18:42:08,091 log Bad Request: /api/occupants/
WARNING 2026-07-01 18:42:14,540 log Unauthorized: /api/dashboard/
WARNING 2026-07-01 18:42:16,581 log Conflict: /api/occupancy/
WARNING 2026-07-01 18:42:17,608 log Conflict: /api/occupancy/
WARNING 2026-07-01 18:42:18,626 log Conflict: /api/occupancy/
WARNING 2026-07-01 18:42:19,623 log Conflict: /api/occupancy/
WARNING 2026-07-01 18:42:20,684 log Bad Request: /api/occupancy/
WARNING 2026-07-01 18:42:21,683 log Bad Request: /api/occupancy/
WARNING 2026-07-01 18:42:24,781 log Bad Request: /api/occupancy/
WARNING 2026-07-01 18:42:25,781 log Bad Request: /api/occupancy/
WARNING 2026-07-01 18:42:26,778 log Not Found: /api/occupancy/99999/checkout/
WARNING 2026-07-01 18:42:29,830 log Conflict: /api/occupancy/1/checkout/
WARNING 2026-07-01 18:42:33,879 log Conflict: /api/occupancy/1/checkout/
WARNING 2026-07-01 18:42:34,878 log Not Found: /api/occupancy/99999/
WARNING 2026-07-01 18:42:37,883 log Unauthorized: /api/occupancy/summary/
WARNING 2026-07-01 18:42:39,902 log Unauthorized: /api/occupancy/
WARNING 2026-07-01 18:42:40,899 log Not Found: /api/occupancy/99999/
WARNING 2026-07-01 18:42:42,921 log Bad Request: /api/occupants/1/archive/
WARNING 2026-07-01 18:42:46,998 log Bad Request: /api/occupants/
WARNING 2026-07-01 18:42:48,997 log Bad Request: /api/occupants/
WARNING 2026-07-01 18:42:49,996 log Bad Request: /api/occupants/
WARNING 2026-07-01 18:42:51,991 log Unauthorized: /api/occupants/
WARNING 2026-07-01 18:42:58,204 log Not Found: /api/occupants/99999/
WARNING 2026-07-01 18:43:10,254 log Bad Request: /api/payments/student_balance/
WARNING 2026-07-01 18:43:11,253 log Not Found: /api/payments/student_balance/
WARNING 2026-07-01 18:43:24,471 log Unauthorized: /api/payments/overdue/
WARNING 2026-07-01 18:43:26,481 log Conflict: /api/payments/
WARNING 2026-07-01 18:43:27,486 log Bad Request: /api/payments/
WARNING 2026-07-01 18:43:29,492 log Bad Request: /api/payments/
WARNING 2026-07-01 18:43:30,503 log Bad Request: /api/payments/
WARNING 2026-07-01 18:43:31,505 log Bad Request: /api/payments/
WARNING 2026-07-01 18:43:32,516 log Bad Request: /api/payments/
WARNING 2026-07-01 18:43:35,533 log Bad Request: /api/payments/
WARNING 2026-07-01 18:43:38,551 log Bad Request: /api/payments/
WARNING 2026-07-01 18:43:39,562 log Not Found: /api/payments/99999/
WARNING 2026-07-01 18:43:41,577 log Unauthorized: /api/payments/
WARNING 2026-07-01 18:43:45,889 log Unauthorized: /api/payments/receipts/
WARNING 2026-07-01 18:43:51,044 log Not Found: /api/payments/receipts/99999/pdf/
WARNING 2026-07-01 18:43:52,042 log Not Found: /api/payments/receipts/99999/
WARNING 2026-07-01 18:44:10,235 log Unauthorized: /api/properties/explorer/
